-0.000142187,-0.00187042,-0.00189114,-0.00255070,-0.00454168,-0.00650624,-0.00767734,-0.00853750,-0.00980202,-0.00877747,-0.00773212,-0.00702464,-0.00518209,-0.00434718,-0.00403268,-0.00355520,-0.00305569,-0.00394057,-0.00496349,-0.00675495,-0.00776079,-0.00898467,-0.0106352,-0.0103514,-0.00898603,-0.00847963,-0.00726071,-0.00648820
-0.000331581,-0.00239009,-0.00240222,-0.00316540,-0.00535270,-0.00750610,-0.00881087,-0.00980039,-0.0112301,-0.0101528,-0.00902562,-0.00825446,-0.00624666,-0.00529336,-0.00491629,-0.00437581,-0.00380811,-0.00473880,-0.00585586,-0.00779867,-0.00888261,-0.0102232,-0.0120435,-0.0117899,-0.0103748,-0.00988609,-0.00869319,-0.00776869
-0.000586212,-0.00304911,-0.00304998,-0.00393766,-0.00635638,-0.00872886,-0.0101946,-0.0113435,-0.0129725,-0.0118380,-0.0106219,-0.00977616,-0.00758101,-0.00648453,-0.00603223,-0.00541051,-0.00476207,-0.00573879,-0.00696865,-0.00907981,-0.0102509,-0.0117235,-0.0137375,-0.0135267,-0.0120711,-0.0116203,-0.0104866,-0.00938478
-0.000905722,-0.00384951,-0.00384450,-0.00488226,-0.00756637,-0.0101870,-0.0118376,-0.0131731,-0.0150363,-0.0138464,-0.0125302,-0.0116009,-0.00919571,-0.00793029,-0.00738351,-0.00666981,-0.00592357,-0.00694631,-0.00830010,-0.0106031,-0.0118705,-0.0134991,-0.0157375,-0.0155849,-0.0140948,-0.0136948,-0.0126514,-0.0113249
-0.00128138,-0.00480059,-0.00477741,-0.00598838,-0.00896976,-0.0118693,-0.0137347,-0.0152895,-0.0174260,-0.0161782,-0.0147549,-0.0137308,-0.0110889,-0.00962491,-0.00897053,-0.00814836,-0.00729147,-0.00836040,-0.00985519,-0.0123695,-0.0137443,-0.0155425,-0.0180359,-0.0179586,-0.0164421,-0.0161077,-0.0151856,-0.0135973
-0.00172830,-0.00588319,-0.00584540,-0.00724944,-0.0105644,-0.0137747,-0.0158796,-0.0176812,-0.0201244,-0.0188164,-0.0172729,-0.0161453,-0.0132450,-0.0115598,-0.0107794,-0.00983668,-0.00885283,-0.00996822,-0.0116165,-0.0143649,-0.0158542,-0.0178431,-0.0206190,-0.0206337,-0.0190980,-0.0188472,-0.0180796,-0.0161840
-0.00227010,-0.00721252,-0.00715358,-0.00879590,-0.0124979,-0.0160693,-0.0184564,-0.0205560,-0.0233646,-0.0219989,-0.0203220,-0.0190745,-0.0158743,-0.0139203,-0.0129871,-0.0118977,-0.0107641,-0.0119251,-0.0137543,-0.0167685,-0.0183893,-0.0205991,-0.0237073,-0.0238385,-0.0223003,-0.0221604,-0.0216083,-0.0193397
-0.00294280,-0.00881851,-0.00873386,-0.0106539,-0.0148038,-0.0187893,-0.0215096,-0.0239663,-0.0272095,-0.0257894,-0.0239649,-0.0225794,-0.0190365,-0.0167627,-0.0156427,-0.0143778,-0.0130650,-0.0142679,-0.0163059,-0.0196245,-0.0213929,-0.0238567,-0.0273480,-0.0276300,-0.0261072,-0.0261135,-0.0258468,-0.0231303
-0.00387022,-0.0110017,-0.0108849,-0.0131768,-0.0178943,-0.0224036,-0.0255524,-0.0284803,-0.0322954,-0.0308283,-0.0288245,-0.0272695,-0.0233066,-0.0206101,-0.0192420,-0.0177508,-0.0162008,-0.0174332,-0.0197304,-0.0234175,-0.0253573,-0.0281406,-0.0321214,-0.0326245,-0.0311696,-0.0313989,-0.0315745,-0.0282453
-0.00498310,-0.0136051,-0.0134449,-0.0161763,-0.0215505,-0.0266630,-0.0303146,-0.0337998,-0.0382814,-0.0367691,-0.0345652,-0.0328109,-0.0283711,-0.0251772,-0.0235135,-0.0217533,-0.0199259,-0.0211775,-0.0237732,-0.0278819,-0.0300197,-0.0331734,-0.0377234,-0.0385020,-0.0371506,-0.0376556,-0.0383826,-0.0343246
-0.00659341,-0.0172875,-0.0170677,-0.0204013,-0.0266164,-0.0324823,-0.0367791,-0.0410035,-0.0463392,-0.0447834,-0.0423289,-0.0403140,-0.0353111,-0.0314647,-0.0294056,-0.0272961,-0.0251083,-0.0263168,-0.0292816,-0.0339102,-0.0362960,-0.0399402,-0.0452519,-0.0464871,-0.0453826,-0.0463213,-0.0479090,-0.0428296
-0.00840828,-0.0214490,-0.0211281,-0.0251211,-0.0320751,-0.0385583,-0.0434161,-0.0483130,-0.0542927,-0.0526095,-0.0498800,-0.0475465,-0.0421198,-0.0377274,-0.0353415,-0.0329235,-0.0304136,-0.0313894,-0.0345558,-0.0395886,-0.0422248,-0.0464218,-0.0526409,-0.0547008,-0.0542079,-0.0558071,-0.0585734,-0.0524325
-0.0104795,-0.0260519,-0.0254123,-0.0300509,-0.0372136,-0.0437643,-0.0488396,-0.0539746,-0.0598170,-0.0578130,-0.0547936,-0.0520231,-0.0464745,-0.0419492,-0.0394419,-0.0368207,-0.0341392,-0.0345467,-0.0372970,-0.0422245,-0.0449887,-0.0496808,-0.0569429,-0.0606529,-0.0617710,-0.0646863,-0.0695370,-0.0627628
-0.0128387,-0.0306019,-0.0289543,-0.0339645,-0.0403148,-0.0460625,-0.0508106,-0.0553031,-0.0598368,-0.0573300,-0.0540305,-0.0507477,-0.0452662,-0.0411142,-0.0385943,-0.0357480,-0.0330340,-0.0327579,-0.0342716,-0.0383904,-0.0410568,-0.0458971,-0.0539671,-0.0600114,-0.0639684,-0.0692265,-0.0775988,-0.0718264
-0.0157299,-0.0340997,-0.0304841,-0.0352055,-0.0398173,-0.0442337,-0.0482905,-0.0513409,-0.0539230,-0.0509830,-0.0474538,-0.0437470,-0.0380891,-0.0342915,-0.0313914,-0.0279357,-0.0250489,-0.0245242,-0.0246358,-0.0277360,-0.0303317,-0.0349549,-0.0430963,-0.0510582,-0.0582267,-0.0664282,-0.0793015,-0.0768553
-0.0185058,-0.0342067,-0.0285419,-0.0322120,-0.0351195,-0.0386911,-0.0421765,-0.0436657,-0.0447435,-0.0416849,-0.0379828,-0.0340776,-0.0277211,-0.0235645,-0.0195512,-0.0148947,-0.0113658,-0.0111846,-0.0106098,-0.0131881,-0.0161261,-0.0205683,-0.0280187,-0.0363437,-0.0456401,-0.0562309,-0.0727589,-0.0755397
-0.0199626,-0.0291045,-0.0232092,-0.0256319,-0.0282789,-0.0325865,-0.0360992,-0.0367423,-0.0374896,-0.0344896,-0.0305067,-0.0265378,-0.0191300,-0.0136774,-0.00801607,-0.00178870,0.00298821,0.00291786,0.00341178,0.000757790,-0.00288928,-0.00767016,-0.0144152,-0.0217157,-0.0314092,-0.0431388,-0.0607698,-0.0694979
-0.0197040,-0.0192648,-0.0164575,-0.0181681,-0.0227128,-0.0295128,-0.0336955,-0.0345460,-0.0359841,-0.0328587,-0.0283430,-0.0242016,-0.0158108,-0.00849783,-0.00122445,0.00642316,0.0127538,0.0133281,0.0136185,0.0108235,0.00668061,0.00109189,-0.00569220,-0.0117582,-0.0206564,-0.0325563,-0.0484601,-0.0626400
-0.0179581,-0.00722921,-0.0106506,-0.0124698,-0.0203900,-0.0302645,-0.0353000,-0.0371839,-0.0397264,-0.0362179,-0.0311328,-0.0265997,-0.0175781,-0.00849764,-0.000227785,0.00809130,0.0155244,0.0175118,0.0177603,0.0150925,0.0112486,0.00498196,-0.00256684,-0.00788327,-0.0154230,-0.0268853,-0.0389760,-0.0566106
-0.0152816,0.00267440,-0.00752240,-0.0100176,-0.0210643,-0.0328612,-0.0384979,-0.0417906,-0.0453997,-0.0415519,-0.0362294,-0.0310882,-0.0216837,-0.0113390,-0.00282196,0.00522200,0.0127095,0.0159527,0.0159589,0.0133688,0.0105030,0.00407454,-0.00452672,-0.00955886,-0.0155497,-0.0260718,-0.0336393,-0.0512986
-0.0121177,0.00730211,-0.00699581,-0.0103128,-0.0229195,-0.0348220,-0.0409094,-0.0456966,-0.0502556,-0.0464174,-0.0412586,-0.0352667,-0.0252983,-0.0140150,-0.00552311,0.00178868,0.00848716,0.0121429,0.0113579,0.00834756,0.00639571,5.96046e-06,-0.00977805,-0.0149003,-0.0196202,-0.0289120,-0.0327325,-0.0468997
-0.00801098,0.00716400,-0.00711086,-0.0111073,-0.0234940,-0.0342425,-0.0409757,-0.0472109,-0.0526486,-0.0492659,-0.0444996,-0.0375132,-0.0266974,-0.0147137,-0.00621344,0.000381947,0.00595865,0.00908819,0.00704443,0.00304420,0.00125170,-0.00535948,-0.0163489,-0.0218233,-0.0257342,-0.0335726,-0.0349104,-0.0434245
-0.00254941,0.00544244,-0.00573457,-0.0102270,-0.0213835,-0.0308813,-0.0387050,-0.0462446,-0.0524379,-0.0498281,-0.0454043,-0.0374529,-0.0257381,-0.0133605,-0.00471450,0.00153115,0.00618930,0.00829602,0.00499305,-0.000311232,-0.00304607,-0.0104149,-0.0225428,-0.0286299,-0.0322376,-0.0386060,-0.0386212,-0.0416782
0.00417399,0.00519592,-0.00191296,-0.00678957,-0.0166361,-0.0255992,-0.0348948,-0.0434696,-0.0501659,-0.0484231,-0.0441311,-0.0354655,-0.0231637,-0.0108705,-0.00204127,0.00430707,0.00855523,0.00966356,0.00555611,-0.00108330,-0.00579795,-0.0144415,-0.0275116,-0.0344465,-0.0381099,-0.0431859,-0.0426905,-0.0423816
0.0113108,0.00759888,0.00389252,-0.00129875,-0.0103178,-0.0196644,-0.0305454,-0.0398106,-0.0466789,-0.0456964,-0.0413140,-0.0323025,-0.0199235,-0.00820886,0.000739348,0.00756090,0.0119555,0.0124174,0.00813842,0.000314844,-0.00705647,-0.0173172,-0.0310698,-0.0390163,-0.0429398,-0.0470788,-0.0465783,-0.0457696
0.0177197,0.0120718,0.0104622,0.00506973,-0.00367947,-0.0140641,-0.0263399,-0.0359411,-0.0426728,-0.0422542,-0.0376457,-0.0286554,-0.0166908,-0.00591722,0.00303516,0.0105224,0.0154589,0.0156900,0.0117797,0.00300951,-0.00720595,-0.0191748,-0.0333422,-0.0423369,-0.0465968,-0.0502303,-0.0499702,-0.0512289
0.0225849,0.0173857,0.0166422,0.0112120,0.00235645,-0.00931891,-0.0226187,-0.0322636,-0.0386409,-0.0385959,-0.0337269,-0.0250311,-0.0138134,-0.00414488,0.00470873,0.0128806,0.0185433,0.0188493,0.0156262,0.00616583,-0.00667299,-0.0202240,-0.0345584,-0.0445108,-0.0491151,-0.0526251,-0.0527226,-0.0576642
0.0255580,0.0223054,0.0216091,0.0163404,0.00727217,-0.00556279,-0.0194086,-0.0288475,-0.0347460,-0.0349263,-0.0298512,-0.0216517,-0.0113838,-0.00285493,0.00578221,0.0144914,0.0208487,0.0213939,0.0189693,0.00909429,-0.00583957,-0.0206283,-0.0348661,-0.0455349,-0.0504099,-0.0540394,-0.0545017,-0.0637456
0.0269175,0.0262552,0.0251520,0.0201867,0.0109414,-0.00274696,-0.0167216,-0.0257916,-0.0311805,-0.0314862,-0.0262930,-0.0186882,-0.00942428,-0.00194784,0.00640304,0.0154616,0.0223813,0.0232152,0.0215549,0.0114988,-0.00493143,-0.0205649,-0.0344954,-0.0456126,-0.0506797,-0.0545355,-0.0553619,-0.0686969
0.0271149,0.0290166,0.0273628,0.0227774,0.0134683,-0.000715268,-0.0144893,-0.0230960,-0.0279985,-0.0283657,-0.0231449,-0.0161675,-0.00787950,-0.00132056,0.00669459,0.0159085,0.0232118,0.0243252,0.0233194,0.0132751,-0.00407422,-0.0201635,-0.0336332,-0.0449384,-0.0501058,-0.0542038,-0.0553486,-0.0721550
0.0265113,0.0306286,0.0284281,0.0242532,0.0150191,0.000693393,-0.0126341,-0.0207178,-0.0251744,-0.0255684,-0.0204069,-0.0140614,-0.00667987,-0.000904465,0.00674051,0.0159252,0.0234308,0.0247769,0.0242980,0.0144256,-0.00333126,-0.0195186,-0.0324037,-0.0436606,-0.0488441,-0.0531315,-0.0545663,-0.0739992
0.0254119,0.0312361,0.0285859,0.0248148,0.0157872,0.00161875,-0.0110829,-0.0186141,-0.0226670,-0.0230617,-0.0180303,-0.0122991,-0.00575056,-0.000641513,0.00660176,0.0156043,0.0231493,0.0246730,0.0245976,0.0150228,-0.00271934,-0.0187071,-0.0309167,-0.0419274,-0.0470443,-0.0514462,-0.0531181,-0.0743448
0.0240326,0.0310951,0.0281015,0.0247127,0.0159837,0.00219151,-0.00978336,-0.0167564,-0.0204461,-0.0208268,-0.0159817,-0.0108312,-0.00503052,-0.000487125,0.00634965,0.0150684,0.0225252,0.0241744,0.0243909,0.0151947,-0.00222503,-0.0177922,-0.0292799,-0.0399035,-0.0448933,-0.0493308,-0.0511990,-0.0734657
0.0223987,0.0302340,0.0270183,0.0239958,0.0156696,0.00246602,-0.00867310,-0.0150680,-0.0184254,-0.0187750,-0.0141698,-0.00957957,-0.00446746,-0.000422442,0.00596709,0.0142806,0.0215167,0.0232310,0.0236477,0.0149250,-0.00186538,-0.0167836,-0.0274784,-0.0375618,-0.0423470,-0.0467279,-0.0487368,-0.0713305
0.0207109,0.0289976,0.0256432,0.0229536,0.0150726,0.00255510,-0.00773156,-0.0135663,-0.0166256,-0.0169411,-0.0125962,-0.00852345,-0.00402439,-0.000410843,0.00553600,0.0133958,0.0203422,0.0220812,0.0226335,0.0144209,-0.00158144,-0.0157392,-0.0256384,-0.0351173,-0.0396614,-0.0439202,-0.0460345,-0.0684259
0.0186329,0.0269211,0.0235635,0.0212156,0.0139220,0.00235868,-0.00689917,-0.0121047,-0.0148522,-0.0151059,-0.0111004,-0.00756695,-0.00366914,-0.000490749,0.00490897,0.0121398,0.0186212,0.0203061,0.0209110,0.0133535,-0.00147343,-0.0145562,-0.0235153,-0.0321713,-0.0363419,-0.0403479,-0.0424581,-0.0638704
0.0165635,0.0245963,0.0213185,0.0192803,0.0126002,0.00204898,-0.00619010,-0.0107849,-0.0132410,-0.0134267,-0.00977397,-0.00673546,-0.00337913,-0.000597703,0.00425371,0.0108238,0.0167854,0.0183829,0.0190007,0.0121203,-0.00142404,-0.0133528,-0.0213787,-0.0291763,-0.0329388,-0.0366299,-0.0386897,-0.0586943
0.0145477,0.0221598,0.0190159,0.0172573,0.0111923,0.00167105,-0.00558269,-0.00960035,-0.0117873,-0.0119039,-0.00860677,-0.00601966,-0.00314425,-0.000721514,0.00359209,0.00949352,0.0149098,0.0163930,0.0169889,0.0107886,-0.00142260,-0.0121668,-0.0192888,-0.0262155,-0.0295489,-0.0328817,-0.0348487,-0.0531478
0.0121229,0.0188622,0.0160189,0.0145556,0.00926751,0.00105293,-0.00503763,-0.00839677,-0.0102829,-0.0102984,-0.00743731,-0.00532999,-0.00293808,-0.000910962,0.00273124,0.00776867,0.0124510,0.0137301,0.0142322,0.00886859,-0.00159815,-0.0108153,-0.0168683,-0.0226900,-0.0254341,-0.0282557,-0.0299832,-0.0457566
0.00990522,0.0157017,0.0131918,0.0119853,0.00743299,0.000458306,-0.00457341,-0.00734021,-0.00895889,-0.00888234,-0.00643516,-0.00473952,-0.00275698,-0.00107613,0.00194231,0.00616439,0.0101316,0.0111940,0.0115873,0.00701199,-0.00178601,-0.00954701,-0.0146149,-0.0193974,-0.0215726,-0.0238857,-0.0253367,-0.0385654
0.00755930,0.0121634,0.0100923,0.00913891,0.00538873,-0.000234395,-0.00416127,-0.00632058,-0.00766562,-0.00748254,-0.00548030,-0.00418587,-0.00258678,-0.00126234,0.00108034,0.00440694,0.00757404,0.00836826,0.00861600,0.00488536,-0.00207400,-0.00824059,-0.0122802,-0.0159366,-0.0174701,-0.0192065,-0.0202791,-0.0305872
0.00599879,0.00977951,0.00801837,0.00723681,0.00404677,-0.000645030,-0.00382841,-0.00557795,-0.00673236,-0.00648844,-0.00479336,-0.00376584,-0.00242782,-0.00134188,0.000546056,0.00326408,0.00588610,0.00649945,0.00665174,0.00350834,-0.00219830,-0.00727848,-0.0106159,-0.0135209,-0.0146356,-0.0159869,-0.0168021,-0.0251252
0.00477120,0.00786188,0.00636848,0.00571969,0.00299103,-0.000945610,-0.00353971,-0.00496791,-0.00596668,-0.00568244,-0.00424100,-0.00341740,-0.00228188,-0.00138468,0.000140178,0.00236806,0.00454324,0.00501174,0.00508813,0.00242167,-0.00227297,-0.00647383,-0.00925257,-0.0115615,-0.0123465,-0.0133888,-0.0139929,-0.0207072
0.00382721,0.00635988,0.00508254,0.00453472,0.00217810,-0.00115480,-0.00328968,-0.00447040,-0.00534299,-0.00503417,-0.00379383,-0.00312571,-0.00214665,-0.00139675,-0.000153309,0.00168865,0.00350883,0.00386076,0.00388050,0.00159638,-0.00230066,-0.00580601,-0.00814420,-0.00999320,-0.0105323,-0.0113367,-0.0117779,-0.0172204
0.00312120,0.00521541,0.00411700,0.00364784,0.00158712,-0.00127752,-0.00306775,-0.00405945,-0.00483323,-0.00451111,-0.00342777,-0.00287226,-0.00201697,-0.00137915,-0.000351489,0.00119469,0.00274067,0.00300859,0.00298779,0.00100117,-0.00228529,-0.00525914,-0.00725954,-0.00876442,-0.00912192,-0.00975105,-0.0100599,-0.0145578
0.00256529,0.00431672,0.00336492,0.00295807,0.00113866,-0.00135022,-0.00286666,-0.00371126,-0.00440156,-0.00407446,-0.00311852,-0.00265220,-0.00189326,-0.00134386,-0.000484079,0.000827396,0.00215216,0.00235398,0.00230032,0.000554103,-0.00224678,-0.00479410,-0.00652516,-0.00775916,-0.00798212,-0.00847676,-0.00869182,-0.0124364
0.00213179,0.00360739,0.00277436,0.00241924,0.000797820,-0.00138178,-0.00268232,-0.00340852,-0.00403100,-0.00370470,-0.00285684,-0.00246042,-0.00178186,-0.00130450,-0.000577128,0.000546956,0.00169548,0.00184674,0.00177312,0.000226241,-0.00218588,-0.00439152,-0.00590637,-0.00693099,-0.00705542,-0.00744480,-0.00758782,-0.0107337
0.00180310,0.00306112,0.00232590,0.00200990,0.000552797,-0.00138407,-0.00251586,-0.00314964,-0.00371614,-0.00339738,-0.00263349,-0.00228913,-0.00167389,-0.00125079,-0.000627494,0.000349867,0.00135735,0.00146942,0.00138140,-3.14116e-06,-0.00210924,-0.00404590,-0.00538776,-0.00625132,-0.00630560,-0.00661968,-0.00670820,-0.00940371
0.00154719,0.00263512,0.00197646,0.00169170,0.000369602,-0.00136307,-0.00235928,-0.00291914,-0.00343444,-0.00312384,-0.00243528,-0.00213350,-0.00157410,-0.00119967,-0.000657397,0.000201464,0.00109583,0.00117948,0.00108376,-0.000166702,-0.00202618,-0.00374290,-0.00494220,-0.00567968,-0.00568432,-0.00593659,-0.00598651,-0.00831792
0.00134680,0.00229010,0.00169696,0.00143922,0.000234920,-0.00132934,-0.00221264,-0.00271064,-0.00318568,-0.00288660,-0.00225819,-0.00199221,-0.00147930,-0.00114262,-0.000667918,9.32395e-05,0.000893599,0.000954902,0.000856447,-0.000279772,-0.00193481,-0.00347170,-0.00455120,-0.00519018,-0.00515773,-0.00536637,-0.00538132,-0.00742871
0.00117081,0.00200561,0.00147030,0.00123654,0.000133514,-0.00128803,-0.00208089,-0.00252768,-0.00296406,-0.00267698,-0.00210000,-0.00186098,-0.00138876,-0.00108475,-0.000664330,1.63317e-05,0.000734711,0.000779510,0.000677931,-0.000361067,-0.00184649,-0.00322785,-0.00420859,-0.00476366,-0.00470418,-0.00487754,-0.00486961,-0.00668409
0.00103718,0.00177249,0.00128620,0.00107218,5.72383e-05,-0.00123962,-0.00195419,-0.00235822,-0.00276260,-0.00248731,-0.00195875,-0.00174311,-0.00130681,-0.00102972,-0.000655264,-4.19259e-05,0.000608820,0.000641477,0.000537497,-0.000415856,-0.00175630,-0.00300752,-0.00390060,-0.00438756,-0.00430995,-0.00445364,-0.00443220,-0.00604129
0.000925899,0.00157952,0.00113561,0.000937367,2.06232e-06,-0.00118670,-0.00183392,-0.00219902,-0.00257384,-0.00231203,-0.00182340,-0.00162997,-0.00122712,-0.000973517,-0.000637358,-8.30114e-05,0.000509644,0.000532144,0.000430220,-0.000448316,-0.00166661,-0.00280548,-0.00362494,-0.00405632,-0.00396666,-0.00408751,-0.00405160,-0.00549909
0.000830024,0.00141412,0.00100812,0.000826281,-3.91603e-05,-0.00113180,-0.00172117,-0.00205731,-0.00240621,-0.00215700,-0.00170717,-0.00152984,-0.00115476,-0.000922340,-0.000619316,-0.000115019,0.000426036,0.000441152,0.000340992,-0.000470668,-0.00158085,-0.00262344,-0.00337613,-0.00376045,-0.00366232,-0.00376309,-0.00371960,-0.00501850
0.000745386,0.00126880,0.000897443,0.000729007,-7.27713e-05,-0.00108053,-0.00161949,-0.00192754,-0.00225170,-0.00201591,-0.00159667,-0.00143385,-0.00108535,-0.000872427,-0.000596708,-0.000137305,0.000356871,0.000366592,0.000271410,-0.000479752,-0.00149617,-0.00245128,-0.00314418,-0.00348967,-0.00338713,-0.00347319,-0.00342560,-0.00460270
0.000666589,0.00114632,0.000803119,0.000649363,-9.60350e-05,-0.00102667,-0.00152149,-0.00180371,-0.00210611,-0.00188035,-0.00149191,-0.00134242,-0.00101756,-0.000820804,-0.000571442,-0.000150925,0.000304115,0.000306016,0.000212800,-0.000483298,-0.00141408,-0.00229268,-0.00293168,-0.00324324,-0.00313742,-0.00321146,-0.00315648,-0.00422511
0.000605196,0.00103620,0.000719261,0.000575620,-0.000115699,-0.000975239,-0.00142892,-0.00168687,-0.00196815,-0.00175693,-0.00139604,-0.00125898,-0.000957084,-0.000775546,-0.000548446,-0.000163966,0.000254565,0.000253767,0.000163209,-0.000480211,-0.00133505,-0.00214402,-0.00273592,-0.00301499,-0.00290818,-0.00297010,-0.00291181,-0.00388113
0.000552297,0.000940293,0.000647473,0.000513351,-0.000130630,-0.000927651,-0.00134565,-0.00158321,-0.00184615,-0.00164393,-0.00130715,-0.00118157,-0.000899887,-0.000732505,-0.000525242,-0.000171560,0.000213522,0.000209296,0.000122172,-0.000477374,-0.00126482,-0.00200974,-0.00255765,-0.00281019,-0.00270290,-0.00275686,-0.00269347,-0.00358412
0.000503302,0.000853807,0.000585157,0.000459921,-0.000139302,-0.000880378,-0.00126608,-0.00148704,-0.00173237,-0.00154169,-0.00122763,-0.00111058,-0.000846380,-0.000690079,-0.000500298,-0.000174177,0.000182396,0.000176036,9.31144e-05,-0.000465268,-0.00119375,-0.00188413,-0.00239319,-0.00262304,-0.00251577,-0.00256181,-0.00249559,-0.00331759
0.000461578,0.000789374,0.000537086,0.000420272,-0.000140363,-0.000829178,-0.00118533,-0.00139111,-0.00161946,-0.00143874,-0.00114828,-0.00104100,-0.000793695,-0.000649613,-0.000475359,-0.000172198,0.000158358,0.000150877,7.08222e-05,-0.000450629,-0.00112537,-0.00176571,-0.00224041,-0.00245078,-0.00234558,-0.00238540,-0.00232020,-0.00307190
0.000424206,0.000722975,0.000489718,0.000380898,-0.000142914,-0.000784576,-0.00111747,-0.00130730,-0.00152112,-0.00135068,-0.00107884,-0.000978667,-0.000747770,-0.000613230,-0.000450909,-0.000170523,0.000137979,0.000130242,5.35607e-05,-0.000432801,-0.00105814,-0.00165412,-0.00209652,-0.00228798,-0.00218852,-0.00222552,-0.00216681,-0.00286508
0.000388712,0.000671595,0.000452209,0.000351042,-0.000139433,-0.000740474,-0.00105001,-0.00122887,-0.00143063,-0.00127080,-0.00101684,-0.000923264,-0.000706387,-0.000578767,-0.000427020,-0.000165600,0.000122589,0.000115329,4.24683e-05,-0.000414336,-0.000997883,-0.00155461,-0.00196847,-0.00214720,-0.00205088,-0.00208222,-0.00202531,-0.00266579
0.000363499,0.000622898,0.000418442,0.000324702,-0.000133502,-0.000695723,-0.000985223,-0.00115184,-0.00134182,-0.00119277,-0.000954115,-0.000866759,-0.000663602,-0.000546503,-0.000404423,-0.000158679,0.000110346,0.000102073,3.53515e-05,-0.000392950,-0.000941253,-0.00146092,-0.00184746,-0.00201303,-0.00192084,-0.00194935,-0.00189307,-0.00249982
0.000339180,0.000588298,0.000393647,0.000305015,-0.000126386,-0.000654340,-0.000927740,-0.00108312,-0.00125976,-0.00111980,-0.000895679,-0.000814015,-0.000624156,-0.000514954,-0.000383174,-0.000153273,0.000100309,9.37045e-05,3.15428e-05,-0.000369841,-0.000882524,-0.00137222,-0.00173718,-0.00189372,-0.00180704,-0.00183384,-0.00178349,-0.00234210
0.000325501,0.000554800,0.000373781,0.000290161,-0.000116718,-0.000614917,-0.000870520,-0.00101886,-0.00118620,-0.00105336,-0.000841582,-0.000765532,-0.000584888,-0.000481534,-0.000357836,-0.000141495,9.69410e-05,8.81374e-05,2.86639e-05,-0.000348037,-0.000831741,-0.00129202,-0.00163370,-0.00177962,-0.00169870,-0.00172204,-0.00167581,-0.00219750
0.000302196,0.000522286,0.000348634,0.000269973,-0.000112641,-0.000579482,-0.000819641,-0.000957066,-0.00111320,-0.000987542,-0.000788021,-0.000715482,-0.000548041,-0.000450367,-0.000334489,-0.000133371,9.02116e-05,8.33750e-05,2.66194e-05,-0.000327683,-0.000781041,-0.00121444,-0.00153514,-0.00167282,-0.00159594,-0.00161800,-0.00157022,-0.00206581
0.000287294,0.000488818,0.000328320,0.000254583,-0.000104058,-0.000544041,-0.000769097,-0.000899839,-0.00104886,-0.000932419,-0.000744975,-0.000675839,-0.000517458,-0.000425363,-0.000315082,-0.000124842,8.41975e-05,7.74205e-05,2.54571e-05,-0.000306726,-0.000732428,-0.00113757,-0.00143765,-0.00156752,-0.00149692,-0.00151793,-0.00147870,-0.00193939
0.000266701,0.000460118,0.000306618,0.000237733,-9.91523e-05,-0.000510675,-0.000722975,-0.000845212,-0.000985187,-0.000876027,-0.000700563,-0.000636721,-0.000487357,-0.000400758,-0.000297838,-0.000120181,7.65801e-05,7.00176e-05,2.09570e-05,-0.000291383,-0.000690043,-0.00106940,-0.00135314,-0.00147356,-0.00140550,-0.00142566,-0.00138530,-0.00182199
0.000250876,0.000426620,0.000287956,0.000221884,-9.34601e-05,-0.000478917,-0.000678718,-0.000792557,-0.000921541,-0.000817704,-0.000654084,-0.000593483,-0.000455087,-0.000373906,-0.000278163,-0.000110805,7.39574e-05,6.76572e-05,1.95563e-05,-0.000275147,-0.000649285,-0.00100734,-0.00127296,-0.00138624,-0.00132089,-0.00134038,-0.00129899,-0.00171262
0.000239193,0.000407785,0.000271750,0.000210416,-8.76188e-05,-0.000451398,-0.000638974,-0.000746590,-0.000870633,-0.000774175,-0.000618279,-0.000560862,-0.000429362,-0.000351506,-0.000260729,-0.000103426,6.95765e-05,6.36995e-05,1.86205e-05,-0.000256681,-0.000608820,-0.000946021,-0.00119582,-0.00130228,-0.00124188,-0.00126086,-0.00122070,-0.00161201
0.000222087,0.000373989,0.000252438,0.000193816,-8.51035e-05,-0.000427544,-0.000603145,-0.000702667,-0.000817823,-0.000724757,-0.000578475,-0.000524133,-0.000401473,-0.000328857,-0.000244880,-9.74178e-05,6.40035e-05,5.86271e-05,1.66118e-05,-0.000243473,-0.000574076,-0.000888795,-0.00112298,-0.00122290,-0.00116561,-0.00118223,-0.00114939,-0.00150922
0.000209719,0.000355095,0.000237983,0.000184000,-7.79808e-05,-0.000399357,-0.000563216,-0.000658780,-0.000767106,-0.000681484,-0.000544763,-0.000495458,-0.000379574,-0.000312108,-0.000232750,-9.28760e-05,6.12021e-05,5.63800e-05,1.74820e-05,-0.000225592,-0.000537109,-0.000833750,-0.00105451,-0.00115015,-0.00109618,-0.00111060,-0.00107542,-0.00141430
0.000192404,0.000331789,0.000222886,0.000171524,-7.56919e-05,-0.000376356,-0.000530714,-0.000620395,-0.000721955,-0.000639796,-0.000512499,-0.000466162,-0.000357044,-0.000292683,-0.000217801,-8.72970e-05,5.56409e-05,5.14984e-05,1.37806e-05,-0.000216460,-0.000509322,-0.000786257,-0.000993818,-0.00108144,-0.00103093,-0.00104329,-0.00101772,-0.00132650
0.000180095,0.000314027,0.000209051,0.000162297,-7.03454e-05,-0.000352526,-0.000497592,-0.000581515,-0.000678360,-0.000601721,-0.000481784,-0.000438356,-0.000335956,-0.000276613,-0.000206059,-8.27193e-05,5.32985e-05,4.79221e-05,1.34230e-05,-0.000202149,-0.000476789,-0.000738394,-0.000932956,-0.00101482,-0.000965929,-0.000978327,-0.000946611,-0.00124580
0.000172079,0.000290722,0.000197756,0.000153559,-6.26206e-05,-0.000328612,-0.000464559,-0.000542855,-0.000632995,-0.000561881,-0.000449204,-0.000408638,-0.000312901,-0.000258541,-0.000192183,-7.78377e-05,4.93765e-05,4.48346e-05,1.36137e-05,-0.000189441,-0.000446188,-0.000692719,-0.000874478,-0.000952798,-0.000907660,-0.000920260,-0.000892401,-0.00117281
0.000160307,0.000274003,0.000182843,0.000141162,-6.27339e-05,-0.000312793,-0.000441831,-0.000514573,-0.000600070,-0.000532514,-0.000425041,-0.000385255,-0.000294137,-0.000240695,-0.000178397,-7.08759e-05,4.77195e-05,4.20570e-05,1.21772e-05,-0.000178540,-0.000419754,-0.000649530,-0.000820607,-0.000893611,-0.000852358,-0.000865239,-0.000843525,-0.00110549
0.000152797,0.000261694,0.000174296,0.000135094,-5.86212e-05,-0.000292963,-0.000413239,-0.000482559,-0.000563461,-0.000499523,-0.000399166,-0.000364149,-0.000279588,-0.000228983,-0.000170583,-6.97017e-05,4.24624e-05,3.77655e-05,9.22084e-06,-0.000169301,-0.000395346,-0.000612712,-0.000773311,-0.000843185,-0.000803965,-0.000815237,-0.000791699,-0.00103578
0.000141680,0.000246197,0.000162476,0.000125760,-5.59390e-05,-0.000276834,-0.000390559,-0.000454503,-0.000528842,-0.000468481,-0.000373161,-0.000338858,-0.000258851,-0.000213075,-0.000158513,-6.41167e-05,3.97444e-05,3.60608e-05,8.92878e-06,-0.000159496,-0.000372672,-0.000575835,-0.000728071,-0.000793016,-0.000753957,-0.000763702,-0.000734508,-0.000971109
0.000135303,0.000225693,0.000151443,0.000115144,-5.46515e-05,-0.000260276,-0.000365573,-0.000426233,-0.000496030,-0.000439310,-0.000350970,-0.000319314,-0.000245810,-0.000200772,-0.000149935,-6.18756e-05,3.57866e-05,3.31819e-05,7.46250e-06,-0.000148994,-0.000347590,-0.000536811,-0.000678873,-0.000739038,-0.000704223,-0.000714564,-0.000693709,-0.000913501
0.000125796,0.000212282,0.000141495,0.000107592,-5.24044e-05,-0.000246966,-0.000345987,-0.000403452,-0.000468731,-0.000415671,-0.000332266,-0.000303227,-0.000232202,-0.000191879,-0.000142616,-5.87404e-05,3.48985e-05,3.14176e-05,9.17315e-06,-0.000139469,-0.000327748,-0.000507283,-0.000641245,-0.000698841,-0.000664407,-0.000671446,-0.000647128,-0.000850409
0.000116706,0.000198394,0.000133359,0.000101984,-4.78148e-05,-0.000230557,-0.000322753,-0.000376707,-0.000437391,-0.000387889,-0.000309628,-0.000283372,-0.000216979,-0.000179541,-0.000134283,-5.71251e-05,2.99752e-05,2.54393e-05,2.51532e-06,-0.000135845,-0.000308806,-0.000475746,-0.000601167,-0.000653505,-0.000621027,-0.000630403,-0.000606209,-0.000801384
0.000106484,0.000182807,0.000117713,8.89003e-05,-5.03778e-05,-0.000218779,-0.000303733,-0.000353980,-0.000411922,-0.000365943,-0.000292981,-0.000267619,-0.000205910,-0.000169474,-0.000128478,-5.64337e-05,2.37823e-05,2.00391e-05,-1.61529e-06,-0.000129372,-0.000290275,-0.000444013,-0.000558513,-0.000607234,-0.000576478,-0.000583994,-0.000563711,-0.000739783
9.61125e-05,0.000156492,0.000103599,7.73787e-05,-5.12004e-05,-0.000207001,-0.000284576,-0.000329036,-0.000384241,-0.000339758,-0.000272197,-0.000249737,-0.000192738,-0.000159377,-0.000122774,-5.80132e-05,1.51455e-05,1.00851e-05,-1.03712e-05,-0.000129396,-0.000277853,-0.000420076,-0.000525457,-0.000568277,-0.000537080,-0.000540620,-0.000520110,-0.000676483
8.29101e-05,0.000147402,9.26971e-05,6.91175e-05,-5.07474e-05,-0.000193906,-0.000266027,-0.000308663,-0.000359106,-0.000318104,-0.000255942,-0.000234443,-0.000180167,-0.000149882,-0.000115716,-5.62787e-05,1.17838e-05,7.42674e-06,-1.38521e-05,-0.000126076,-0.000262040,-0.000392663,-0.000490946,-0.000527829,-0.000496167,-0.000499743,-0.000478894,-0.000625700
7.43866e-05,0.000123203,7.85768e-05,5.55813e-05,-5.56588e-05,-0.000188339,-0.000253141,-0.000290018,-0.000335741,-0.000294262,-0.000237441,-0.000216860,-0.000167304,-0.000140041,-0.000110203,-5.59628e-05,5.13792e-06,-4.76837e-07,-2.05338e-05,-0.000124091,-0.000247788,-0.000367028,-0.000458270,-0.000491393,-0.000461352,-0.000462991,-0.000443995,-0.000571281
6.94096e-05,0.000113517,7.06255e-05,4.81188e-05,-5.49436e-05,-0.000177878,-0.000237918,-0.000273341,-0.000316441,-0.000278538,-0.000224841,-0.000207001,-0.000160021,-0.000133640,-0.000107765,-5.82278e-05,-3.62992e-06,-8.30889e-06,-2.70069e-05,-0.000120324,-0.000232786,-0.000341523,-0.000426263,-0.000456220,-0.000428224,-0.000428283,-0.000409514,-0.000519007
6.21974e-05,0.000102311,6.09040e-05,4.08232e-05,-5.44190e-05,-0.000168222,-0.000221944,-0.000254148,-0.000294745,-0.000260490,-0.000209743,-0.000194550,-0.000150067,-0.000126410,-0.000102162,-5.68450e-05,-4.29749e-06,-9.83477e-06,-2.70724e-05,-0.000114512,-0.000218612,-0.000319612,-0.000398254,-0.000423580,-0.000395924,-0.000396639,-0.000380307,-0.000483274
5.42998e-05,9.10759e-05,5.48959e-05,3.71337e-05,-5.25832e-05,-0.000157785,-0.000209564,-0.000238717,-0.000276858,-0.000242317,-0.000196362,-0.000179702,-0.000139624,-0.000118583,-9.77039e-05,-5.62370e-05,-9.44138e-06,-1.57475e-05,-3.34203e-05,-0.000115299,-0.000209767,-0.000301623,-0.000372499,-0.000393641,-0.000364602,-0.000364196,-0.000344604,-0.000442088
4.49121e-05,7.90060e-05,4.37975e-05,2.63572e-05,-5.61059e-05,-0.000153118,-0.000199294,-0.000225610,-0.000259429,-0.000228626,-0.000185329,-0.000171095,-0.000133353,-0.000114799,-9.50575e-05,-5.71549e-05,-1.38104e-05,-1.87159e-05,-3.47972e-05,-0.000109380,-0.000196803,-0.000282043,-0.000349462,-0.000368756,-0.000342578,-0.000341260,-0.000322610,-0.000405610
4.05014e-05,7.21812e-05,4.18961e-05,2.66910e-05,-5.06818e-05,-0.000141877,-0.000184697,-0.000210297,-0.000243813,-0.000212836,-0.000172079,-0.000158221,-0.000122780,-0.000104642,-8.78215e-05,-5.32210e-05,-1.50800e-05,-2.04802e-05,-3.48747e-05,-0.000104374,-0.000185227,-0.000262290,-0.000324494,-0.000342256,-0.000317121,-0.000315046,-0.000297517,-0.000376701
3.63886e-05,6.61910e-05,3.45528e-05,1.95324e-05,-5.29647e-05,-0.000136644,-0.000176346,-0.000199360,-0.000228614,-0.000199473,-0.000161171,-0.000147605,-0.000114381,-9.86040e-05,-8.25882e-05,-5.10693e-05,-1.39534e-05,-1.98007e-05,-3.44634e-05,-0.000101060,-0.000175804,-0.000249046,-0.000306225,-0.000320703,-0.000294763,-0.000292039,-0.000273794,-0.000349790
3.58224e-05,5.38826e-05,3.09408e-05,1.60754e-05,-4.96626e-05,-0.000128078,-0.000162822,-0.000185364,-0.000212401,-0.000187123,-0.000151205,-0.000141907,-0.000110883,-9.54032e-05,-8.00371e-05,-5.14328e-05,-1.71661e-05,-2.13683e-05,-3.62515e-05,-9.60946e-05,-0.000165057,-0.000230759,-0.000285077,-0.000298494,-0.000275874,-0.000272614,-0.000257701,-0.000321090
3.05772e-05,4.74155e-05,2.68817e-05,1.41680e-05,-4.69744e-05,-0.000120336,-0.000154299,-0.000174397,-0.000201261,-0.000175840,-0.000142217,-0.000131136,-0.000102299,-8.70585e-05,-7.42614e-05,-4.64201e-05,-1.48594e-05,-1.93596e-05,-3.24368e-05,-8.96573e-05,-0.000153160,-0.000215596,-0.000265199,-0.000277722,-0.000254542,-0.000252801,-0.000237405,-0.000298500
3.15011e-05,4.71771e-05,2.50459e-05,1.24455e-05,-4.61698e-05,-0.000112647,-0.000143963,-0.000161695,-0.000186437,-0.000162935,-0.000131595,-0.000122696,-9.59992e-05,-8.29577e-05,-7.06196e-05,-4.73976e-05,-1.83940e-05,-2.51353e-05,-3.63529e-05,-8.90315e-05,-0.000147289,-0.000204670,-0.000249690,-0.000261474,-0.000239837,-0.000237739,-0.000221908,-0.000281185
2.75075e-05,4.22001e-05,2.04563e-05,9.95398e-06,-4.42207e-05,-0.000105959,-0.000134718,-0.000152183,-0.000176799,-0.000155222,-0.000126100,-0.000117356,-9.07779e-05,-7.79033e-05,-6.59466e-05,-4.32670e-05,-1.47641e-05,-1.96993e-05,-3.10540e-05,-8.12948e-05,-0.000136513,-0.000191015,-0.000235540,-0.000246698,-0.000226676,-0.000224257,-0.000212103,-0.000259787
2.70009e-05,4.10080e-05,1.95444e-05,9.14931e-06,-4.26710e-05,-0.000101793,-0.000128120,-0.000143337,-0.000165862,-0.000144207,-0.000117266,-0.000108624,-8.41498e-05,-7.34329e-05,-6.38127e-05,-4.15683e-05,-1.74880e-05,-2.26021e-05,-3.20375e-05,-7.78973e-05,-0.000128263,-0.000178021,-0.000220120,-0.000230765,-0.000210422,-0.000209737,-0.000189304,-0.000245690
1.77026e-05,4.09782e-05,1.77979e-05,9.45926e-06,-4.00603e-05,-9.46641e-05,-0.000118607,-0.000133628,-0.000154048,-0.000134325,-0.000109547,-0.000103021,-8.06034e-05,-7.00057e-05,-5.86450e-05,-3.87847e-05,-1.50442e-05,-2.03192e-05,-3.18766e-05,-7.54356e-05,-0.000123072,-0.000168198,-0.000205940,-0.000214124,-0.000195509,-0.000192612,-0.000175923,-0.000221312
1.57952e-05,2.86102e-05,1.55807e-05,7.30157e-06,-3.59833e-05,-8.81612e-05,-0.000111783,-0.000124639,-0.000145000,-0.000127238,-0.000104582,-9.81450e-05,-7.77900e-05,-6.72936e-05,-5.81503e-05,-3.85880e-05,-1.71483e-05,-2.25425e-05,-3.21567e-05,-7.34568e-05,-0.000118512,-0.000161111,-0.000194573,-0.000202417,-0.000183558,-0.000180483,-0.000165492,-0.000210106
1.65105e-05,2.88188e-05,1.39654e-05,5.70416e-06,-3.53754e-05,-8.32319e-05,-0.000106609,-0.000119328,-0.000137627,-0.000119829,-9.72688e-05,-8.88884e-05,-6.85930e-05,-5.81563e-05,-5.12004e-05,-3.38852e-05,-1.46508e-05,-2.01344e-05,-2.98142e-05,-6.69122e-05,-0.000107485,-0.000147724,-0.000180978,-0.000188541,-0.000171524,-0.000170332,-0.000153214,-0.000197113
1.39177e-05,2.59876e-05,1.12414e-05,3.03388e-06,-3.58999e-05,-7.95424e-05,-0.000100744,-0.000111377,-0.000127655,-0.000111842,-9.13560e-05,-8.50379e-05,-6.67810e-05,-5.84006e-05,-4.95613e-05,-3.43919e-05,-1.52946e-05,-1.88291e-05,-2.65479e-05,-6.35207e-05,-0.000101793,-0.000139749,-0.000170857,-0.000178218,-0.000161082,-0.000159782,-0.000144601,-0.000187993
