-0.00660130,-0.00464621,-0.00317062,-0.00179577,-0.00112644,-0.00165254,-0.00191482,-0.00242052,-0.00352784,-0.00414039,-0.00329157,-0.00246716,-0.00105782,-5.73099e-05,0.000637507,0.000249678,-0.000526410,-0.000722665,-6.31988e-05,0.000123072,-0.000650829,-0.00121489,-0.00181171,-0.00266627,-0.00300971,-0.00143672,-1.14560e-05,0.000114828,0.000394607,0.00102628,0.000989133,-0.000114071,0.000530827,0.00100579,0.000982285,0.00253713,0.00136679
-0.00723082,-0.00512004,-0.00351905,-0.00202249,-0.00129347,-0.00186133,-0.00214095,-0.00268231,-0.00388896,-0.00455362,-0.00362930,-0.00273259,-0.00120812,-0.000119883,0.000637049,0.000219828,-0.000623035,-0.000832552,-0.000114816,8.16464e-05,-0.000769365,-0.00138728,-0.00203789,-0.00297067,-0.00334451,-0.00163092,-8.17716e-05,5.48422e-05,0.000362444,0.00105720,0.00102521,-0.000174218,0.000523263,0.00103843,0.00101107,0.00269854,0.00143653
-0.00793844,-0.00567293,-0.00392109,-0.00229029,-0.00149062,-0.00209969,-0.00239493,-0.00297736,-0.00429074,-0.00501254,-0.00400577,-0.00303315,-0.00137973,-0.000197297,0.000625831,0.000175381,-0.000739968,-0.000966042,-0.000181913,2.27511e-05,-0.000917310,-0.00159411,-0.00230502,-0.00332763,-0.00373000,-0.00186052,-0.000177944,-2.83897e-05,0.000311029,0.00107274,0.00104923,-0.000250512,0.000501150,0.00106160,0.00103441,0.00286779,0.00151619
-0.00873703,-0.00628817,-0.00437920,-0.00260099,-0.00172724,-0.00238283,-0.00269573,-0.00332254,-0.00475253,-0.00553666,-0.00443611,-0.00337977,-0.00158733,-0.000301844,0.000597823,0.000110310,-0.000885493,-0.00112534,-0.000270450,-5.98729e-05,-0.00109774,-0.00184090,-0.00261893,-0.00373751,-0.00417249,-0.00213308,-0.000301027,-0.000137889,0.000237638,0.00107667,0.00106545,-0.000346988,0.000462478,0.00107141,0.00104244,0.00303537,0.00158659
-0.00962955,-0.00699884,-0.00490854,-0.00296611,-0.00200779,-0.00271307,-0.00304109,-0.00371339,-0.00527511,-0.00612515,-0.00492240,-0.00377395,-0.00182975,-0.000429481,0.000549853,2.75135e-05,-0.00105530,-0.00131189,-0.000377047,-0.000157547,-0.00131015,-0.00212823,-0.00298113,-0.00420910,-0.00468087,-0.00245155,-0.000454676,-0.000275022,0.000139564,0.00106770,0.00107375,-0.000464553,0.000408131,0.00107316,0.00104046,0.00320777,0.00165507
-0.0106573,-0.00782681,-0.00553083,-0.00340369,-0.00234916,-0.00310505,-0.00344898,-0.00417162,-0.00588143,-0.00680537,-0.00548689,-0.00423334,-0.00212201,-0.000592315,0.000478554,-8.63194e-05,-0.00126938,-0.00154139,-0.000516707,-0.000293994,-0.00157645,-0.00247911,-0.00341754,-0.00476767,-0.00527642,-0.00283528,-0.000654960,-0.000455707,5.71013e-06,0.00103213,0.00106166,-0.000612414,0.000326830,0.00105195,0.00101760,0.00338340,0.00171059
-0.0118045,-0.00876668,-0.00624685,-0.00391698,-0.00275563,-0.00356686,-0.00392298,-0.00469666,-0.00656810,-0.00757425,-0.00612755,-0.00476336,-0.00247087,-0.000802201,0.000370812,-0.000238287,-0.00152940,-0.00181734,-0.000694203,-0.000468713,-0.00190019,-0.00289814,-0.00392959,-0.00541581,-0.00596578,-0.00328703,-0.000905400,-0.000687200,-0.000172567,0.000964618,0.00102097,-0.000803500,0.000207466,0.000999016,0.000963068,0.00354648,0.00175822
-0.0131141,-0.00985196,-0.00707925,-0.00452232,-0.00323996,-0.00410894,-0.00447658,-0.00530370,-0.00735596,-0.00845116,-0.00686427,-0.00537514,-0.00288457,-0.00106020,0.000224560,-0.000430292,-0.00184004,-0.00214601,-0.000912750,-0.000689906,-0.00228861,-0.00339613,-0.00453334,-0.00617347,-0.00676689,-0.00382810,-0.00122350,-0.000980747,-0.000407475,0.000858867,0.000952953,-0.00103564,5.20706e-05,0.000918931,0.000877494,0.00369737,0.00177929
-0.0146354,-0.0111229,-0.00806232,-0.00524490,-0.00382324,-0.00475600,-0.00513338,-0.00601986,-0.00827656,-0.00947239,-0.00772132,-0.00609387,-0.00338309,-0.00138454,2.70188e-05,-0.000679076,-0.00222329,-0.00254293,-0.00118445,-0.000967020,-0.00276527,-0.00399670,-0.00525612,-0.00707238,-0.00771567,-0.00447665,-0.00161899,-0.00135165,-0.000706965,0.000707602,0.000848651,-0.00132717,-0.000153953,0.000793791,0.000750965,0.00383419,0.00179347
-0.0163457,-0.0125868,-0.00920088,-0.00609924,-0.00452254,-0.00552086,-0.00590140,-0.00684891,-0.00933130,-0.0106359,-0.00870314,-0.00692521,-0.00397314,-0.00178069,-0.000226277,-0.000987029,-0.00267830,-0.00301499,-0.00151923,-0.00131495,-0.00334204,-0.00471324,-0.00610848,-0.00812085,-0.00881640,-0.00524432,-0.00210977,-0.00181155,-0.00108771,0.000493902,0.000694638,-0.00168254,-0.000423217,0.000615579,0.000569546,0.00394291,0.00176752
-0.0183535,-0.0143040,-0.0105567,-0.00712394,-0.00536896,-0.00643384,-0.00681487,-0.00782640,-0.0105695,-0.0119962,-0.00985898,-0.00790668,-0.00468625,-0.00227339,-0.000559634,-0.00137829,-0.00323715,-0.00358940,-0.00193595,-0.00174886,-0.00404298,-0.00557928,-0.00712880,-0.00936732,-0.0101217,-0.00616754,-0.00271822,-0.00238612,-0.00156909,0.000208813,0.000483674,-0.00212334,-0.000769770,0.000373286,0.000324196,0.00403383,0.00171426
-0.0206161,-0.0162922,-0.0121222,-0.00832509,-0.00636699,-0.00750325,-0.00787941,-0.00895562,-0.0119864,-0.0135469,-0.0111789,-0.00903950,-0.00552866,-0.00287349,-0.000980949,-0.00186062,-0.00390247,-0.00426854,-0.00243993,-0.00228114,-0.00488375,-0.00660414,-0.00832964,-0.0108222,-0.0116379,-0.00725772,-0.00345976,-0.00308848,-0.00216519,-0.000165766,0.000201255,-0.00265726,-0.00120348,5.36978e-05,1.67489e-06,0.00407383,0.00161126
-0.0232727,-0.0186327,-0.0139868,-0.00976970,-0.00757597,-0.00878922,-0.00915190,-0.0102984,-0.0136579,-0.0153721,-0.0127376,-0.0103835,-0.00654497,-0.00361507,-0.00151643,-0.00246199,-0.00471324,-0.00509012,-0.00305718,-0.00293733,-0.00590290,-0.00783986,-0.00976951,-0.0125584,-0.0134423,-0.00857227,-0.00437745,-0.00396057,-0.00291047,-0.000651491,-0.000170398,-0.00331181,-0.00174851,-0.000363463,-0.000418073,0.00406039,0.00146028
-0.0263084,-0.0213413,-0.0161585,-0.0114690,-0.00900930,-0.0102989,-0.0106345,-0.0118523,-0.0155818,-0.0174621,-0.0145296,-0.0119423,-0.00774577,-0.00450712,-0.00217980,-0.00319409,-0.00567421,-0.00606044,-0.00380487,-0.00373797,-0.00712276,-0.00930873,-0.0114642,-0.0145819,-0.0155388,-0.0101197,-0.00548155,-0.00501434,-0.00381942,-0.00126247,-0.000643504,-0.00410041,-0.00242653,-0.000901353,-0.000960308,0.00397450,0.00123286
-0.0298019,-0.0244989,-0.0186995,-0.0134748,-0.0107090,-0.0120752,-0.0123752,-0.0136646,-0.0178114,-0.0198781,-0.0166066,-0.0137569,-0.00916659,-0.00558470,-0.00299836,-0.00408784,-0.00682726,-0.00721823,-0.00470588,-0.00470948,-0.00858300,-0.0110500,-0.0134674,-0.0169649,-0.0179997,-0.0119542,-0.00682163,-0.00629626,-0.00493512,-0.00203500,-0.00124668,-0.00505169,-0.00325879,-0.00157124,-0.00163420,0.00381479,0.000921637
-0.0339676,-0.0283048,-0.0217797,-0.0159298,-0.0128031,-0.0142534,-0.0144978,-0.0158623,-0.0204979,-0.0227779,-0.0191063,-0.0159544,-0.0109113,-0.00692514,-0.00403674,-0.00520726,-0.00824534,-0.00863758,-0.00582792,-0.00592192,-0.0103833,-0.0131905,-0.0159161,-0.0198611,-0.0209835,-0.0142031,-0.00849212,-0.00789623,-0.00633298,-0.00302446,-0.00202402,-0.00623209,-0.00431128,-0.00244098,-0.00250755,0.00352508,0.000498623
-0.0389696,-0.0328965,-0.0255214,-0.0189290,-0.0153718,-0.0169055,-0.0170745,-0.0185129,-0.0237222,-0.0262502,-0.0221119,-0.0186088,-0.0130502,-0.00859673,-0.00535231,-0.00660929,-0.00999531,-0.0103811,-0.00722244,-0.00743778,-0.0126137,-0.0158265,-0.0189173,-0.0233922,-0.0246160,-0.0169656,-0.0105797,-0.00990070,-0.00809447,-0.00429527,-0.00303088,-0.00770454,-0.00564594,-0.00356162,-0.00363163,0.00308493,-7.79629e-05
-0.0444539,-0.0379944,-0.0296840,-0.0222941,-0.0182650,-0.0198765,-0.0199502,-0.0214601,-0.0272865,-0.0300788,-0.0254353,-0.0215597,-0.0154567,-0.0105008,-0.00687596,-0.00822339,-0.0119815,-0.0123561,-0.00881696,-0.00917741,-0.0151481,-0.0188102,-0.0223012,-0.0273572,-0.0286830,-0.0200852,-0.0129692,-0.0121966,-0.0101216,-0.00577979,-0.00421107,-0.00936774,-0.00716805,-0.00485939,-0.00493590,0.00247672,-0.000790954
-0.0505937,-0.0437289,-0.0344463,-0.0261939,-0.0216417,-0.0233174,-0.0232642,-0.0248236,-0.0313170,-0.0344119,-0.0292288,-0.0249451,-0.0182776,-0.0127881,-0.00874937,-0.0101901,-0.0143649,-0.0147140,-0.0107415,-0.0112874,-0.0181903,-0.0223723,-0.0263264,-0.0320546,-0.0334864,-0.0238196,-0.0158936,-0.0150088,-0.0126149,-0.00765997,-0.00573607,-0.0113586,-0.00900255,-0.00646913,-0.00656404,0.00150657,-0.00183702
-0.0574370,-0.0502074,-0.0400103,-0.0308849,-0.0257598,-0.0274654,-0.0272432,-0.0288101,-0.0359911,-0.0394489,-0.0337293,-0.0290034,-0.0217934,-0.0157705,-0.0113088,-0.0128466,-0.0174976,-0.0177963,-0.0133201,-0.0141403,-0.0222082,-0.0270369,-0.0315619,-0.0381122,-0.0396424,-0.0287415,-0.0198919,-0.0188387,-0.0160413,-0.0103664,-0.00801323,-0.0139427,-0.0113827,-0.00865673,-0.00880086,-0.000354469,-0.00366059
-0.0612814,-0.0538124,-0.0434601,-0.0339984,-0.0285695,-0.0303168,-0.0300203,-0.0315682,-0.0390774,-0.0428453,-0.0369097,-0.0319063,-0.0244364,-0.0181684,-0.0135280,-0.0151580,-0.0201513,-0.0204135,-0.0155883,-0.0166857,-0.0256865,-0.0310460,-0.0360633,-0.0432913,-0.0448582,-0.0330815,-0.0235607,-0.0222858,-0.0191374,-0.0129758,-0.0103884,-0.0161021,-0.0132363,-0.0104412,-0.0106393,-0.00247464,-0.00581014
-0.0630597,-0.0555713,-0.0458175,-0.0365507,-0.0310738,-0.0328910,-0.0326237,-0.0341503,-0.0416878,-0.0457376,-0.0399051,-0.0348242,-0.0273756,-0.0210822,-0.0164679,-0.0181338,-0.0233110,-0.0235358,-0.0185984,-0.0201786,-0.0300843,-0.0359682,-0.0414935,-0.0493392,-0.0508240,-0.0384687,-0.0284537,-0.0267935,-0.0232117,-0.0166943,-0.0139943,-0.0188710,-0.0155284,-0.0126968,-0.0128551,-0.00542015,-0.00889403
-0.0617596,-0.0542988,-0.0458851,-0.0374460,-0.0323786,-0.0344069,-0.0344512,-0.0361243,-0.0433422,-0.0475551,-0.0422549,-0.0374286,-0.0302569,-0.0241315,-0.0197106,-0.0212581,-0.0262550,-0.0265127,-0.0219603,-0.0242458,-0.0347079,-0.0409576,-0.0468693,-0.0550390,-0.0562940,-0.0439780,-0.0337817,-0.0315242,-0.0274356,-0.0208150,-0.0182336,-0.0217810,-0.0177757,-0.0148060,-0.0146738,-0.00782114,-0.0118603
-0.0580875,-0.0502986,-0.0433634,-0.0360807,-0.0318870,-0.0343723,-0.0351568,-0.0373565,-0.0441306,-0.0483782,-0.0439512,-0.0396579,-0.0327744,-0.0268224,-0.0225238,-0.0237167,-0.0280877,-0.0284944,-0.0248211,-0.0278738,-0.0382511,-0.0445937,-0.0506537,-0.0587286,-0.0597041,-0.0481052,-0.0379959,-0.0350012,-0.0303598,-0.0238708,-0.0216209,-0.0239483,-0.0191899,-0.0158537,-0.0151104,-0.00790405,-0.0130550
-0.0548342,-0.0459474,-0.0398957,-0.0335407,-0.0304321,-0.0336082,-0.0355412,-0.0387611,-0.0453558,-0.0496185,-0.0461605,-0.0424350,-0.0355194,-0.0295481,-0.0250525,-0.0256160,-0.0290358,-0.0296788,-0.0270034,-0.0306777,-0.0404398,-0.0467026,-0.0527399,-0.0604998,-0.0613254,-0.0507721,-0.0407754,-0.0370313,-0.0317580,-0.0253816,-0.0234778,-0.0252585,-0.0197759,-0.0158240,-0.0142801,-0.00547224,-0.0121381
-0.0535784,-0.0427331,-0.0365238,-0.0304497,-0.0282600,-0.0321948,-0.0354913,-0.0401276,-0.0470427,-0.0514094,-0.0487598,-0.0453420,-0.0378687,-0.0316675,-0.0266418,-0.0264002,-0.0288257,-0.0297152,-0.0276383,-0.0313904,-0.0401381,-0.0462013,-0.0521035,-0.0594951,-0.0605314,-0.0509648,-0.0409742,-0.0367363,-0.0308853,-0.0244285,-0.0227488,-0.0250160,-0.0190007,-0.0143974,-0.0122201,-0.00107962,-0.00926131
-0.0549706,-0.0417151,-0.0344964,-0.0280040,-0.0262166,-0.0306880,-0.0351874,-0.0412760,-0.0489626,-0.0536019,-0.0514664,-0.0479640,-0.0394977,-0.0329876,-0.0273056,-0.0262275,-0.0279115,-0.0289491,-0.0267317,-0.0298657,-0.0376261,-0.0435403,-0.0493532,-0.0565174,-0.0582255,-0.0492144,-0.0390375,-0.0346913,-0.0284284,-0.0215588,-0.0198812,-0.0234709,-0.0171991,-0.0121864,-0.00990111,0.00325191,-0.00599968
-0.0577297,-0.0422175,-0.0337807,-0.0264667,-0.0244129,-0.0289561,-0.0341182,-0.0412139,-0.0497713,-0.0548460,-0.0529485,-0.0490570,-0.0394818,-0.0327773,-0.0266107,-0.0248368,-0.0261857,-0.0271729,-0.0240844,-0.0259110,-0.0330272,-0.0389714,-0.0448434,-0.0519709,-0.0548031,-0.0457988,-0.0352968,-0.0312427,-0.0248819,-0.0173457,-0.0154838,-0.0207334,-0.0145253,-0.00958210,-0.00789740,0.00590068,-0.00367868
-0.0604767,-0.0432897,-0.0341135,-0.0259879,-0.0230872,-0.0271845,-0.0322927,-0.0396264,-0.0488113,-0.0544918,-0.0527098,-0.0483684,-0.0379306,-0.0312191,-0.0248565,-0.0225958,-0.0239460,-0.0246078,-0.0201663,-0.0202634,-0.0273012,-0.0335941,-0.0397887,-0.0471131,-0.0514072,-0.0419695,-0.0310702,-0.0275066,-0.0213776,-0.0130762,-0.0108838,-0.0175557,-0.0116781,-0.00731126,-0.00681146,0.00584888,-0.00332630
-0.0615767,-0.0437465,-0.0346469,-0.0260697,-0.0219875,-0.0252897,-0.0296466,-0.0362834,-0.0455877,-0.0519791,-0.0502849,-0.0457098,-0.0349986,-0.0284526,-0.0221763,-0.0197543,-0.0212788,-0.0213459,-0.0154823,-0.0138652,-0.0213113,-0.0282460,-0.0349983,-0.0426995,-0.0484901,-0.0385109,-0.0273185,-0.0242402,-0.0186941,-0.00986329,-0.00732726,-0.0146915,-0.00930402,-0.00583547,-0.00667913,0.00340277,-0.00484222
-0.0604352,-0.0431841,-0.0347971,-0.0262471,-0.0209096,-0.0233183,-0.0264792,-0.0316596,-0.0405684,-0.0477151,-0.0461516,-0.0417137,-0.0314091,-0.0251207,-0.0190750,-0.0168084,-0.0184710,-0.0177239,-0.0106379,-0.00764574,-0.0157228,-0.0234829,-0.0309482,-0.0391622,-0.0462469,-0.0359849,-0.0247620,-0.0220421,-0.0173764,-0.00848124,-0.00565668,-0.0128245,-0.00796583,-0.00542870,-0.00734229,-0.000413239,-0.00755543
-0.0569441,-0.0415308,-0.0340578,-0.0259624,-0.0196528,-0.0213737,-0.0232667,-0.0266681,-0.0348402,-0.0425797,-0.0411216,-0.0371715,-0.0278280,-0.0217554,-0.0159415,-0.0141080,-0.0157638,-0.0141485,-0.00630546,-0.00258503,-0.0111517,-0.0196486,-0.0277800,-0.0365140,-0.0443503,-0.0343080,-0.0234290,-0.0209383,-0.0173450,-0.00900539,-0.00603958,-0.0122242,-0.00780998,-0.00593812,-0.00827581,-0.00409335,-0.0101814
-0.0515003,-0.0390711,-0.0323367,-0.0249927,-0.0182244,-0.0196185,-0.0204335,-0.0221142,-0.0294127,-0.0374155,-0.0359677,-0.0327177,-0.0246577,-0.0186571,-0.0129658,-0.0117030,-0.0131542,-0.0107036,-0.00262167,0.00113513,-0.00760010,-0.0166004,-0.0252422,-0.0344225,-0.0423419,-0.0330272,-0.0228732,-0.0205817,-0.0181718,-0.0109576,-0.00801740,-0.0126598,-0.00853080,-0.00690869,-0.00896194,-0.00660175,-0.0117951
-0.0450179,-0.0362194,-0.0297812,-0.0233015,-0.0167981,-0.0183009,-0.0184703,-0.0189532,-0.0254672,-0.0332082,-0.0316098,-0.0290306,-0.0222150,-0.0160882,-0.0103791,-0.00962781,-0.0106886,-0.00756322,0.000211287,0.00338752,-0.00514595,-0.0143300,-0.0232338,-0.0326473,-0.0399341,-0.0316587,-0.0224820,-0.0204399,-0.0191297,-0.0133572,-0.0105891,-0.0134999,-0.00941460,-0.00756725,-0.00874865,-0.00696307,-0.0114591
-0.0382327,-0.0331835,-0.0266558,-0.0210570,-0.0155434,-0.0175172,-0.0174925,-0.0174871,-0.0233949,-0.0303290,-0.0284334,-0.0263437,-0.0205227,-0.0140997,-0.00825245,-0.00779964,-0.00826747,-0.00461382,0.00241754,0.00460136,-0.00347741,-0.0126534,-0.0216251,-0.0310004,-0.0370972,-0.0299759,-0.0218719,-0.0201499,-0.0197594,-0.0154698,-0.0129293,-0.0141523,-0.00985104,-0.00736459,-0.00732073,-0.00499827,-0.00894701
-0.0315692,-0.0298055,-0.0230267,-0.0182584,-0.0143878,-0.0170962,-0.0172648,-0.0175361,-0.0230436,-0.0286880,-0.0263790,-0.0245328,-0.0193789,-0.0125808,-0.00653808,-0.00612260,-0.00577571,-0.00171823,0.00424221,0.00520997,-0.00226529,-0.0113986,-0.0203174,-0.0293310,-0.0338459,-0.0278768,-0.0208089,-0.0194233,-0.0196980,-0.0167263,-0.0143951,-0.0141143,-0.00936285,-0.00591536,-0.00449355,-0.000677347,-0.00422871
-0.0258480,-0.0262199,-0.0192789,-0.0151861,-0.0132355,-0.0167757,-0.0173794,-0.0185594,-0.0238954,-0.0281102,-0.0253683,-0.0235358,-0.0187268,-0.0116267,-0.00537804,-0.00476137,-0.00344379,0.000918841,0.00575829,0.00556047,-0.00132359,-0.0105643,-0.0194349,-0.0278477,-0.0307864,-0.0258231,-0.0195533,-0.0183820,-0.0189973,-0.0169172,-0.0146760,-0.0132647,-0.00793354,-0.00341760,-0.000754106,0.00507343,0.00173688
-0.0206635,-0.0218972,-0.0150661,-0.0114983,-0.0116097,-0.0160494,-0.0172524,-0.0198581,-0.0252454,-0.0280528,-0.0248997,-0.0229315,-0.0182876,-0.0110552,-0.00461857,-0.00362340,-0.00117319,0.00345364,0.00721700,0.00597736,-0.000339961,-0.00993938,-0.0188717,-0.0264948,-0.0280291,-0.0239962,-0.0182651,-0.0170753,-0.0177216,-0.0160759,-0.0137727,-0.0115469,-0.00556756,1.56045e-05,0.00370524,0.0117859,0.00849926
-0.0165406,-0.0172981,-0.0108917,-0.00761423,-0.00941800,-0.0146616,-0.0164860,-0.0206136,-0.0262674,-0.0281129,-0.0246732,-0.0225390,-0.0179964,-0.0108558,-0.00426214,-0.00283588,0.000676811,0.00553963,0.00856191,0.00662634,0.000719023,-0.00945319,-0.0186423,-0.0255656,-0.0262774,-0.0229891,-0.0174541,-0.0159391,-0.0163361,-0.0146119,-0.0121007,-0.00943903,-0.00293902,0.00339760,0.00766134,0.0174735,0.0141272
-0.0127503,-0.0119594,-0.00626457,-0.00307574,-0.00621506,-0.0122186,-0.0147242,-0.0204139,-0.0265692,-0.0279198,-0.0243248,-0.0220716,-0.0176776,-0.0108414,-0.00411263,-0.00220135,0.00232024,0.00744215,0.0100463,0.00773578,0.00209590,-0.00883257,-0.0185427,-0.0249449,-0.0254597,-0.0228379,-0.0172237,-0.0150354,-0.0149142,-0.0126772,-0.00983266,-0.00700737,-0.000145292,0.00657371,0.0109775,0.0218095,0.0183121
-0.00938076,-0.00647098,-0.00159475,0.00168347,-0.00225477,-0.00891157,-0.0121165,-0.0191425,-0.0259753,-0.0273824,-0.0237918,-0.0215299,-0.0173561,-0.0109365,-0.00408285,-0.00164865,0.00372719,0.00916053,0.0117176,0.00938523,0.00379126,-0.00795629,-0.0184463,-0.0246812,-0.0256752,-0.0236016,-0.0177104,-0.0145963,-0.0137777,-0.0107339,-0.00750836,-0.00471958,0.00227852,0.00893764,0.0130658,0.0239445,0.0202973
-0.00613999,-0.000793695,0.00324415,0.00675615,0.00250230,-0.00472469,-0.00868176,-0.0168100,-0.0244821,-0.0264351,-0.0229963,-0.0208529,-0.0169797,-0.0110287,-0.00405390,-0.000996995,0.00512747,0.0109519,0.0137596,0.0117199,0.00592302,-0.00667541,-0.0182017,-0.0246340,-0.0267118,-0.0251123,-0.0188188,-0.0145665,-0.0128937,-0.00885412,-0.00524368,-0.00262299,0.00429602,0.0104890,0.0140120,0.0240200,0.0202716
-0.00304109,0.00469685,0.00800391,0.0118355,0.00771084,1.63674e-05,-0.00472403,-0.0136696,-0.0222569,-0.0251391,-0.0219782,-0.0200674,-0.0165531,-0.0110593,-0.00397797,-0.000174916,0.00662857,0.0129228,0.0162039,0.0147137,0.00845623,-0.00498505,-0.0177184,-0.0246830,-0.0282932,-0.0270976,-0.0203670,-0.0148957,-0.0122988,-0.00721040,-0.00325810,-0.000871480,0.00578908,0.0112213,0.0139379,0.0223771,0.0185925
-0.000131428,0.00974584,0.0124784,0.0166659,0.0130178,0.00496088,-0.000558758,-0.0100422,-0.0195449,-0.0236027,-0.0208066,-0.0192156,-0.0160852,-0.0109956,-0.00382655,0.000848782,0.00829501,0.0151102,0.0189883,0.0182203,0.0112805,-0.00296195,-0.0169728,-0.0247080,-0.0301000,-0.0292499,-0.0221108,-0.0154387,-0.0119139,-0.00583096,-0.00161166,0.000514901,0.00678002,0.0112759,0.0131035,0.0195578,0.0158144
0.00253999,0.0142181,0.0165353,0.0210746,0.0181479,0.00984733,0.00358272,-0.00619086,-0.0165370,-0.0218867,-0.0195151,-0.0183006,-0.0155643,-0.0108265,-0.00360581,0.00203426,0.0101128,0.0174642,0.0219831,0.0220386,0.0142677,-0.000714743,-0.0159768,-0.0246074,-0.0318699,-0.0313197,-0.0238475,-0.0160631,-0.0116671,-0.00470563,-0.000302553,0.00156174,0.00734042,0.0108268,0.0117670,0.0160481,0.0124136
0.00491381,0.0179844,0.0200330,0.0248786,0.0228185,0.0143985,0.00746844,-0.00237476,-0.0134272,-0.0200603,-0.0181379,-0.0173196,-0.0149672,-0.0105376,-0.00331751,0.00331272,0.0119875,0.0198426,0.0249860,0.0258924,0.0172308,0.00160956,-0.0147851,-0.0243304,-0.0333942,-0.0331052,-0.0254004,-0.0166527,-0.0114905,-0.00381266,0.000686848,0.00230207,0.00754219,0.0100288,0.0101414,0.0122619,0.00878453
0.00692749,0.0209575,0.0228686,0.0279557,0.0267978,0.0183741,0.0108925,0.00115741,-0.0104270,-0.0182222,-0.0167443,-0.0163105,-0.0143273,-0.0101727,-0.00300162,0.00457114,0.0137875,0.0220832,0.0277819,0.0294907,0.0199760,0.00384375,-0.0134964,-0.0238798,-0.0345501,-0.0344906,-0.0266604,-0.0171317,-0.0113425,-0.00312704,0.00139524,0.00278234,0.00747524,0.00904402,0.00843842,0.00857967,0.00528967
0.00855112,0.0231546,0.0250184,0.0302670,0.0299808,0.0216657,0.0137647,0.00427662,-0.00764595,-0.0164209,-0.0153631,-0.0152840,-0.0136394,-0.00973719,-0.00266855,0.00573207,0.0153993,0.0240352,0.0301908,0.0326116,0.0223584,0.00587240,-0.0121846,-0.0232701,-0.0352852,-0.0354233,-0.0275718,-0.0174524,-0.0111894,-0.00261260,0.00186616,0.00304688,0.00720553,0.00797288,0.00677128,0.00519484,0.00209653
0.00983757,0.0247141,0.0265730,0.0319145,0.0324333,0.0243178,0.0161237,0.00699286,-0.00509204,-0.0146547,-0.0139897,-0.0142314,-0.0129074,-0.00925605,-0.00234056,0.00676023,0.0167848,0.0256639,0.0321826,0.0352179,0.0243639,0.00767889,-0.0108736,-0.0225148,-0.0356152,-0.0359345,-0.0281554,-0.0176157,-0.0110129,-0.00222698,0.00216155,0.00315863,0.00680192,0.00686679,0.00517342,0.00210267,-0.000790656
0.0107831,0.0256506,0.0275480,0.0329066,0.0341143,0.0262655,0.0179064,0.00919586,-0.00288270,-0.0130069,-0.0126856,-0.0131975,-0.0121621,-0.00875270,-0.00203116,0.00759187,0.0178548,0.0268665,0.0336389,0.0371609,0.0258878,0.00916808,-0.00964398,-0.0216686,-0.0355600,-0.0360334,-0.0284059,-0.0176150,-0.0108102,-0.00195138,0.00230976,0.00314884,0.00631673,0.00581245,0.00374153,-0.000527978,-0.00323248
0.0114533,0.0260842,0.0280332,0.0333471,0.0351423,0.0276245,0.0192158,0.0109868,-0.000939202,-0.0114300,-0.0114185,-0.0121605,-0.0113937,-0.00823414,-0.00174297,0.00824515,0.0186324,0.0276751,0.0346099,0.0385076,0.0269855,0.0103847,-0.00847887,-0.0207312,-0.0351658,-0.0357780,-0.0283697,-0.0174721,-0.0105795,-0.00176075,0.00234520,0.00304338,0.00577060,0.00479449,0.00243461,-0.00281477,-0.00532770
0.0118289,0.0260614,0.0280679,0.0332852,0.0355442,0.0283982,0.0200455,0.0123212,0.000671816,-0.00998920,-0.0102377,-0.0111596,-0.0106306,-0.00771759,-0.00148439,0.00868661,0.0190726,0.0280483,0.0350504,0.0392051,0.0276181,0.0112829,-0.00743586,-0.0197573,-0.0344808,-0.0352095,-0.0280674,-0.0171933,-0.0103165,-0.00163350,0.00230112,0.00287483,0.00520905,0.00386841,0.00130532,-0.00468230,-0.00702667
0.0119943,0.0257072,0.0277652,0.0328438,0.0354684,0.0287275,0.0205141,0.0133185,0.00204797,-0.00862732,-0.00910301,-0.0101691,-0.00985702,-0.00719838,-0.00124733,0.00896951,0.0192553,0.0280813,0.0350795,0.0393979,0.0278914,0.0119454,-0.00646440,-0.0187303,-0.0335451,-0.0343791,-0.0275484,-0.0168030,-0.0100241,-0.00155625,0.00219156,0.00265568,0.00462579,0.00299882,0.000297999,-0.00625110,-0.00843793
0.0119766,0.0250649,0.0271668,0.0320726,0.0349608,0.0286420,0.0206404,0.0139740,0.00315522,-0.00739531,-0.00805646,-0.00922885,-0.00910852,-0.00669821,-0.00104103,0.00908309,0.0191729,0.0277780,0.0347032,0.0390985,0.0278089,0.0123548,-0.00560985,-0.0177022,-0.0324308,-0.0333491,-0.0268515,-0.0163228,-0.00971277,-0.00151207,0.00204276,0.00241005,0.00406009,0.00222428,-0.000556421,-0.00750154,-0.00952721
0.0118052,0.0242155,0.0263502,0.0310565,0.0341380,0.0282580,0.0205224,0.0143945,0.00409534,-0.00622464,-0.00704479,-0.00829545,-0.00835152,-0.00619478,-0.000847650,0.00908479,0.0189026,0.0272304,0.0340331,0.0384384,0.0274699,0.0125977,-0.00480204,-0.0166311,-0.0311327,-0.0321303,-0.0259978,-0.0157641,-0.00937893,-0.00150144,0.00185524,0.00213485,0.00348753,0.00149549,-0.00132295,-0.00854123,-0.0104269
0.0114551,0.0231303,0.0252830,0.0297682,0.0329521,0.0275112,0.0201012,0.0144914,0.00475842,-0.00521789,-0.00615188,-0.00744178,-0.00763710,-0.00571644,-0.000684249,0.00893011,0.0183826,0.0263675,0.0329839,0.0373239,0.0267904,0.0125883,-0.00413330,-0.0155964,-0.0297184,-0.0307640,-0.0249979,-0.0151263,-0.00901414,-0.00149480,0.00165896,0.00185848,0.00296009,0.000880361,-0.00192705,-0.00925225,-0.0110207
0.0110187,0.0218996,0.0240654,0.0283065,0.0315459,0.0265588,0.0195135,0.0144334,0.00531607,-0.00424062,-0.00527301,-0.00658551,-0.00691206,-0.00523475,-0.000532067,0.00869638,0.0177279,0.0253259,0.0317175,0.0359462,0.0259198,0.0124591,-0.00348587,-0.0145103,-0.0281499,-0.0292357,-0.0238612,-0.0144165,-0.00861898,-0.00149958,0.00144454,0.00156978,0.00243434,0.000299513,-0.00247003,-0.00982678,-0.0114791
0.0104809,0.0205882,0.0227451,0.0267406,0.0299739,0.0254180,0.0187617,0.0141739,0.00567474,-0.00341135,-0.00450811,-0.00581666,-0.00623975,-0.00478237,-0.000399125,0.00838236,0.0169473,0.0241297,0.0302610,0.0343373,0.0248644,0.0121754,-0.00293859,-0.0134697,-0.0265425,-0.0276479,-0.0226520,-0.0136722,-0.00821272,-0.00150388,0.00123719,0.00129738,0.00196245,-0.000180817,-0.00288267,-0.0101688,-0.0117071
0.00990152,0.0192738,0.0214057,0.0251619,0.0283532,0.0242003,0.0179324,0.0138010,0.00590596,-0.00268966,-0.00382658,-0.00511281,-0.00561200,-0.00435890,-0.000286114,0.00802433,0.0161105,0.0228738,0.0287305,0.0326348,0.0237323,0.0118160,-0.00245131,-0.0124647,-0.0249294,-0.0260429,-0.0214164,-0.0129182,-0.00780030,-0.00150440,0.00104215,0.00104716,0.00153983,-0.000586891,-0.00320351,-0.0103542,-0.0117896
0.00927359,0.0178772,0.0199798,0.0234827,0.0265985,0.0228481,0.0169935,0.0133112,0.00603843,-0.00202531,-0.00318588,-0.00443886,-0.00500212,-0.00394212,-0.000181544,0.00761665,0.0151901,0.0215082,0.0270599,0.0307605,0.0224638,0.0113608,-0.00199692,-0.0114444,-0.0232307,-0.0243413,-0.0200909,-0.0121168,-0.00736394,-0.00150248,0.000849259,0.000801313,0.00113901,-0.000942338,-0.00345231,-0.0103977,-0.0117307
0.00863624,0.0165535,0.0186057,0.0218722,0.0248855,0.0214971,0.0160385,0.0127536,0.00606240,-0.00147953,-0.00264575,-0.00385370,-0.00445610,-0.00356414,-9.49025e-05,0.00720098,0.0142745,0.0201598,0.0254067,0.0289021,0.0211879,0.0108589,-0.00161585,-0.0105053,-0.0216150,-0.0227096,-0.0188057,-0.0113448,-0.00694159,-0.00149628,0.000674951,0.000586927,0.000800121,-0.00121973,-0.00361480,-0.0103234,-0.0115640
0.00797904,0.0152228,0.0172072,0.0202386,0.0231265,0.0200852,0.0150302,0.0121214,0.00599949,-0.00100995,-0.00216645,-0.00331994,-0.00394546,-0.00320699,-1.94788e-05,0.00675956,0.0133225,0.0187691,0.0236969,0.0269719,0.0198488,0.0103008,-0.00127413,-0.00958095,-0.0199826,-0.0210508,-0.0174857,-0.0105518,-0.00650116,-0.00147133,0.000521457,0.000393188,0.000497603,-0.00144294,-0.00371348,-0.0101264,-0.0112841
0.00734174,0.0139380,0.0158588,0.0186620,0.0214139,0.0186913,0.0140219,0.0114540,0.00587304,-0.000615883,-0.00175021,-0.00284547,-0.00348200,-0.00287631,4.32849e-05,0.00631700,0.0123838,0.0174095,0.0220180,0.0250731,0.0185200,0.00972260,-0.000979614,-0.00871595,-0.0184149,-0.0194484,-0.0162013,-0.00978154,-0.00606855,-0.00143942,0.000386131,0.000227594,0.000241113,-0.00161254,-0.00375524,-0.00986105,-0.0109360
0.00668359,0.0126835,0.0145173,0.0171009,0.0196998,0.0172728,0.0129882,0.0107340,0.00567120,-0.000298607,-0.00139486,-0.00242267,-0.00305328,-0.00256344,9.75013e-05,0.00586370,0.0114326,0.0160368,0.0203206,0.0231500,0.0171550,0.00909758,-0.000732458,-0.00788914,-0.0168743,-0.0178591,-0.0149143,-0.00901108,-0.00563356,-0.00139724,0.000266957,8.24332e-05,2.66194e-05,-0.00172286,-0.00372800,-0.00948733,-0.0104890
0.00605649,0.0114996,0.0132464,0.0156206,0.0180634,0.0159069,0.0119858,0.0100127,0.00543305,-4.29034e-05,-0.00109538,-0.00205319,-0.00266973,-0.00227903,0.000142586,0.00542353,0.0105170,0.0147205,0.0186875,0.0212986,0.0158345,0.00847660,-0.000522292,-0.00711987,-0.0154126,-0.0163468,-0.0136813,-0.00827278,-0.00520861,-0.00134350,0.000171161,-3.53098e-05,-0.000146544,-0.00179172,-0.00366201,-0.00907457,-0.00999254
0.00541711,0.0103200,0.0119695,0.0141383,0.0164137,0.0145118,0.0109539,0.00924270,0.00513191,0.000151706,-0.000844419,-0.00172591,-0.00231199,-0.00200502,0.000181508,0.00497663,0.00959167,0.0133928,0.0170353,0.0194232,0.0144802,0.00781659,-0.000351441,-0.00638205,-0.0139703,-0.0148425,-0.0124443,-0.00753057,-0.00477494,-0.00127581,9.22322e-05,-0.000131714,-0.000285685,-0.00181495,-0.00354158,-0.00856686,-0.00941026
0.00482363,0.00924093,0.0107967,0.0127777,0.0148912,0.0132130,0.00998890,0.00850468,0.00481802,0.000295591,-0.000640988,-0.00144956,-0.00200107,-0.00176201,0.000210357,0.00455450,0.00872597,0.0121588,0.0154958,0.0176766,0.0132120,0.00718902,-0.000210619,-0.00571491,-0.0126429,-0.0134506,-0.0112950,-0.00684220,-0.00436727,-0.00120620,2.72036e-05,-0.000208580,-0.000392437,-0.00180577,-0.00339673,-0.00803727,-0.00882721
0.00423712,0.00820112,0.00964859,0.0114468,0.0133915,0.0119192,0.00902317,0.00774604,0.00446026,0.000384271,-0.000482380,-0.00121511,-0.00172398,-0.00153720,0.000232708,0.00413133,0.00786984,0.0109418,0.0139730,0.0159465,0.0119458,0.00654165,-0.000107408,-0.00508633,-0.0113569,-0.0120926,-0.0101644,-0.00616007,-0.00395629,-0.00112289,-1.90973e-05,-0.000261045,-0.000462615,-0.00175805,-0.00320940,-0.00746411,-0.00818110
0.00369382,0.00724071,0.00858982,0.0102195,0.0120021,0.0107172,0.00812109,0.00702348,0.00410471,0.000443947,-0.000355244,-0.00101397,-0.00147617,-0.00133139,0.000251496,0.00374095,0.00707580,0.00981392,0.0125560,0.0143353,0.0107589,0.00592808,-2.55704e-05,-0.00451612,-0.0101712,-0.0108364,-0.00911424,-0.00552734,-0.00357013,-0.00103761,-5.39541e-05,-0.000302243,-0.000512040,-0.00169134,-0.00300990,-0.00688076,-0.00754440
0.00320268,0.00638890,0.00762979,0.00910409,0.0107309,0.00960771,0.00728512,0.00634278,0.00375338,0.000470328,-0.000261974,-0.000850725,-0.00126531,-0.00115322,0.000261354,0.00337440,0.00634311,0.00877851,0.0112532,0.0128549,0.00966524,0.00535299,3.07560e-05,-0.00401019,-0.00909862,-0.00969585,-0.00815788,-0.00495067,-0.00321573,-0.000953329,-7.44939e-05,-0.000323260,-0.000535572,-0.00160568,-0.00280172,-0.00631964,-0.00692117
0.00275868,0.00560468,0.00675088,0.00808160,0.00956198,0.00858117,0.00651103,0.00570463,0.00341047,0.000476706,-0.000188279,-0.000713038,-0.00108374,-0.000995338,0.000264955,0.00303445,0.00566846,0.00782645,0.0100542,0.0114918,0.00865181,0.00481521,7.54356e-05,-0.00354928,-0.00811347,-0.00864313,-0.00727209,-0.00441667,-0.00288327,-0.000867808,-8.98838e-05,-0.000336397,-0.000543857,-0.00150952,-0.00259103,-0.00576246,-0.00632417
0.00237966,0.00492102,0.00597860,0.00718215,0.00852928,0.00767145,0.00582487,0.00512993,0.00309356,0.000469029,-0.000135314,-0.000602591,-0.000930083,-0.000861621,0.000263500,0.00273089,0.00507017,0.00698692,0.00899265,0.0102837,0.00775117,0.00432904,9.91046e-05,-0.00315495,-0.00725119,-0.00772135,-0.00649388,-0.00394385,-0.00258510,-0.000788105,-9.48668e-05,-0.000336564,-0.000539589,-0.00141310,-0.00238914,-0.00525755,-0.00576174
0.00203148,0.00431263,0.00527730,0.00636359,0.00758243,0.00683255,0.00518866,0.00459334,0.00278932,0.000447053,-9.67503e-05,-0.000509894,-0.000796324,-0.000740898,0.000262278,0.00245078,0.00451869,0.00621452,0.00801435,0.00917019,0.00691841,0.00387861,0.000114745,-0.00279697,-0.00645958,-0.00687210,-0.00577655,-0.00350955,-0.00230904,-0.000711685,-9.73403e-05,-0.000331122,-0.000521886,-0.00130587,-0.00218356,-0.00475687,-0.00522417
0.00173730,0.00377819,0.00466892,0.00565112,0.00675937,0.00610048,0.00463195,0.00411901,0.00251567,0.000419784,-7.08640e-05,-0.000436097,-0.000689107,-0.000645119,0.000250608,0.00219873,0.00403445,0.00553946,0.00715826,0.00819491,0.00618739,0.00347796,0.000123554,-0.00248750,-0.00577010,-0.00613322,-0.00515147,-0.00312997,-0.00206636,-0.000641972,-9.57370e-05,-0.000322384,-0.000503266,-0.00120824,-0.00199847,-0.00431660,-0.00474033
0.00147480,0.00330243,0.00411369,0.00499976,0.00599941,0.00542259,0.00411730,0.00367551,0.00225418,0.000387824,-5.14448e-05,-0.000373203,-0.000590533,-0.000552893,0.000245714,0.00197187,0.00359190,0.00492077,0.00636926,0.00729336,0.00550861,0.00310269,0.000122929,-0.00220935,-0.00513795,-0.00545474,-0.00457463,-0.00278058,-0.00184197,-0.000576562,-9.08434e-05,-0.000308317,-0.000474995,-0.00110421,-0.00181279,-0.00388524,-0.00427645
0.00125763,0.00289807,0.00364425,0.00444661,0.00535408,0.00484285,0.00367693,0.00329401,0.00202600,0.000352997,-3.95894e-05,-0.000324351,-0.000514114,-0.000480908,0.000235826,0.00177323,0.00321302,0.00439382,0.00569884,0.00652817,0.00493184,0.00278243,0.000119799,-0.00197616,-0.00460348,-0.00487885,-0.00408806,-0.00248368,-0.00164880,-0.000515491,-8.40485e-05,-0.000290042,-0.000444478,-0.00100928,-0.00164924,-0.00350881,-0.00386921
0.00106400,0.00254276,0.00322424,0.00395046,0.00476997,0.00431923,0.00327611,0.00294095,0.00181199,0.000315166,-3.49641e-05,-0.000283122,-0.000443512,-0.000416422,0.000225544,0.00159068,0.00286478,0.00391251,0.00508593,0.00583076,0.00440781,0.00249107,0.000114048,-0.00176407,-0.00411662,-0.00435596,-0.00364386,-0.00221298,-0.00147147,-0.000459856,-7.56860e-05,-0.000272745,-0.000413656,-0.000921541,-0.00149664,-0.00316954,-0.00349000
0.000895739,0.00222439,0.00284477,0.00350171,0.00424136,0.00384532,0.00291755,0.00262667,0.00162055,0.000284654,-2.91646e-05,-0.000248760,-0.000385672,-0.000359064,0.000214469,0.00142584,0.00255499,0.00348283,0.00453339,0.00519902,0.00393035,0.00222322,0.000105792,-0.00157450,-0.00367612,-0.00388066,-0.00323946,-0.00196429,-0.00130720,-0.000406551,-6.67512e-05,-0.000253999,-0.000384539,-0.000836861,-0.00135245,-0.00284189,-0.00314388
0.000744998,0.00194994,0.00251764,0.00311392,0.00378406,0.00343144,0.00260017,0.00234679,0.00144956,0.000252199,-2.73228e-05,-0.000219864,-0.000336874,-0.000313479,0.000201976,0.00128175,0.00228397,0.00310937,0.00405598,0.00465235,0.00351608,0.00198864,9.61363e-05,-0.00141312,-0.00329832,-0.00347537,-0.00289580,-0.00175725,-0.00117095,-0.000362939,-5.94199e-05,-0.000233710,-0.000351620,-0.000757897,-0.00122138,-0.00255585,-0.00283042
0.000626773,0.00170866,0.00222983,0.00276958,0.00337541,0.00306188,0.00231784,0.00209405,0.00129190,0.000220531,-2.84553e-05,-0.000195527,-0.000292385,-0.000270784,0.000189430,0.00115119,0.00203837,0.00277025,0.00361999,0.00415539,0.00313939,0.00177642,8.53658e-05,-0.00126609,-0.00295288,-0.00310504,-0.00258088,-0.00156159,-0.00104092,-0.000319052,-4.78089e-05,-0.000214380,-0.000321209,-0.000684112,-0.00109988,-0.00229701,-0.00254437
0.000516325,0.00149548,0.00197206,0.00246379,0.00301150,0.00273444,0.00206930,0.00187281,0.00115304,0.000193334,-2.97308e-05,-0.000177377,-0.000260204,-0.000239331,0.000175524,0.00103280,0.00182225,0.00247476,0.00324018,0.00371959,0.00281019,0.00158854,7.49886e-05,-0.00114000,-0.00265338,-0.00278203,-0.00230647,-0.00139604,-0.000931150,-0.000281435,-4.22657e-05,-0.000198483,-0.000293809,-0.000618607,-0.000994086,-0.00206688,-0.00228888
0.000431687,0.00131670,0.00175104,0.00219632,0.00269068,0.00244065,0.00184438,0.00167221,0.00102661,0.000165719,-3.09050e-05,-0.000160187,-0.000230241,-0.000208777,0.000164866,0.000929415,0.00163109,0.00221143,0.00290048,0.00333135,0.00251406,0.00142085,6.63519e-05,-0.00102548,-0.00238302,-0.00249238,-0.00206182,-0.00124482,-0.000829786,-0.000248873,-3.43144e-05,-0.000179762,-0.000267112,-0.000558031,-0.000895226,-0.00185591,-0.00206259
0.000349700,0.00115755,0.00154995,0.00195382,0.00240085,0.00217894,0.00164292,0.00149044,0.000912136,0.000138932,-3.62992e-05,-0.000147820,-0.000203937,-0.000182605,0.000153452,0.000835299,0.00145904,0.00197700,0.00259848,0.00298550,0.00225373,0.00127470,5.99682e-05,-0.000923806,-0.00214046,-0.00223225,-0.00184374,-0.00111285,-0.000740737,-0.000218600,-2.79307e-05,-0.000164354,-0.000240886,-0.000499511,-0.000803816,-0.00165984,-0.00185204
0.000282317,0.00101045,0.00137329,0.00174081,0.00214675,0.00194818,0.00146964,0.00133454,0.000814927,0.000120074,-3.49760e-05,-0.000133485,-0.000180423,-0.000158042,0.000144094,0.000751281,0.00130507,0.00176638,0.00232520,0.00267296,0.00201591,0.00113880,5.02944e-05,-0.000834906,-0.00192780,-0.00200562,-0.00165236,-0.000996202,-0.000662088,-0.000192398,-2.07484e-05,-0.000147730,-0.000216866,-0.000448787,-0.000721777,-0.00148717,-0.00166559
0.000233263,0.000886768,0.00121971,0.00155317,0.00191934,0.00174216,0.00131201,0.00119064,0.000722528,9.88603e-05,-3.85463e-05,-0.000124109,-0.000160301,-0.000139588,0.000133389,0.000675672,0.00116919,0.00157984,0.00208339,0.00239545,0.00180440,0.00101560,3.95000e-05,-0.000753903,-0.00173280,-0.00179567,-0.00147344,-0.000884694,-0.000586766,-0.000164771,-1.20044e-05,-0.000131416,-0.000194246,-0.000402534,-0.000649017,-0.00133753,-0.00149241
0.000183284,0.000776619,0.00107964,0.00138310,0.00171456,0.00155475,0.00117018,0.00106300,0.000643748,8.46922e-05,-3.73065e-05,-0.000111932,-0.000141352,-0.000121009,0.000123268,0.000607723,0.00104610,0.00141363,0.00186694,0.00214678,0.00161567,0.000908399,3.37064e-05,-0.000681996,-0.00155979,-0.00161049,-0.00131730,-0.000791359,-0.000524348,-0.000145578,-9.66787e-06,-0.000121242,-0.000176877,-0.000362015,-0.000582564,-0.00119662,-0.00133863
0.000140935,0.000679135,0.000955606,0.00123121,0.00153093,0.00138692,0.00104141,0.000947046,0.000570262,6.74605e-05,-3.94344e-05,-0.000102949,-0.000125688,-0.000106412,0.000115651,0.000546998,0.000934899,0.00126035,0.00167006,0.00192077,0.00144379,0.000809991,2.65479e-05,-0.000617105,-0.00140588,-0.00144690,-0.00117897,-0.000707543,-0.000468212,-0.000126839,-5.90086e-06,-0.000109547,-0.000157058,-0.000321650,-0.000520551,-0.00106463,-0.00120392
0.000102639,0.000599563,0.000849128,0.00110058,0.00137105,0.00124137,0.000931197,0.000844556,0.000504571,5.28753e-05,-4.08053e-05,-9.67324e-05,-0.000110555,-9.08196e-05,0.000109029,0.000492883,0.000839895,0.00112968,0.00149769,0.00172193,0.00129420,0.000724822,1.99616e-05,-0.000558114,-0.00126474,-0.00129830,-0.00105611,-0.000631964,-0.000417668,-0.000110131,-2.63453e-06,-9.81927e-05,-0.000140518,-0.000286806,-0.000466180,-0.000951648,-0.00107843
7.05719e-05,0.000519246,0.000747037,0.000975645,0.00121896,0.00110447,0.000826424,0.000750589,0.000444531,3.96311e-05,-4.44233e-05,-9.20534e-05,-0.000102395,-8.27551e-05,9.83954e-05,0.000441402,0.000748092,0.00100772,0.00133929,0.00154135,0.00115703,0.000646538,1.51694e-05,-0.000504565,-0.00113813,-0.00116418,-0.000942487,-0.000563294,-0.000369978,-9.35733e-05,3.83854e-06,-8.55684e-05,-0.000123376,-0.000255102,-0.000416565,-0.000851363,-0.000965774
4.89652e-05,0.000452608,0.000663739,0.000871015,0.00109130,0.000986832,0.000735801,0.000667930,0.000392735,2.81930e-05,-4.38452e-05,-8.44657e-05,-9.07719e-05,-7.18176e-05,9.23336e-05,0.000397271,0.000670338,0.000901490,0.00120006,0.00138027,0.00103318,0.000575775,8.69632e-06,-0.000458252,-0.00102616,-0.00104455,-0.000842214,-0.000501627,-0.000329059,-8.09789e-05,5.63860e-06,-7.95424e-05,-0.000113761,-0.000230741,-0.000376093,-0.000759840,-0.000872761
2.13087e-05,0.000392139,0.000583601,0.000772643,0.000971639,0.000876427,0.000652033,0.000591481,0.000344759,1.90437e-05,-4.43637e-05,-7.90596e-05,-8.05199e-05,-6.06477e-05,8.59022e-05,0.000358462,0.000599515,0.000802922,0.00107107,0.00123309,0.000922167,0.000511372,5.04851e-06,-0.000415349,-0.000925267,-0.000939494,-0.000755471,-0.000450134,-0.000296605,-7.25865e-05,4.29153e-06,-7.26163e-05,-0.000101858,-0.000205553,-0.000336188,-0.000679821,-0.000781238
1.08182e-05,0.000341654,0.000514704,0.000686759,0.000866264,0.000783342,0.000582880,0.000528932,0.000304222,1.17183e-05,-4.44651e-05,-7.43747e-05,-7.21812e-05,-5.18739e-05,8.04126e-05,0.000322527,0.000535560,0.000716245,0.000956744,0.00110251,0.000822407,0.000455421,1.85370e-06,-0.000376463,-0.000832564,-0.000840253,-0.000673622,-0.000399894,-0.000259703,-5.93901e-05,8.80957e-06,-6.17266e-05,-8.67009e-05,-0.000180638,-0.000297987,-0.000608742,-0.000698775
-1.14143e-05,0.000291348,0.000452656,0.000610614,0.000774026,0.000698745,0.000518268,0.000470537,0.000268054,4.04120e-06,-4.59492e-05,-7.19368e-05,-6.91354e-05,-4.88400e-05,7.21037e-05,0.000286806,0.000476718,0.000638932,0.000855964,0.000986922,0.000737113,0.000406456,-8.52346e-07,-0.000340527,-0.000751376,-0.000755721,-0.000601757,-0.000356901,-0.000232685,-5.03600e-05,1.00374e-05,-5.61416e-05,-7.73847e-05,-0.000160766,-0.000265890,-0.000541598,-0.000620395
-1.87755e-05,0.000258058,0.000400400,0.000543171,0.000689858,0.000621498,0.000458908,0.000416827,0.000234634,-1.81198e-06,-4.27544e-05,-6.36697e-05,-5.91517e-05,-4.12762e-05,6.54817e-05,0.000255853,0.000423771,0.000567877,0.000765687,0.000883347,0.000657260,0.000361049,-4.71473e-06,-0.000311321,-0.000677764,-0.000678146,-0.000537997,-0.000317156,-0.000205541,-4.33147e-05,1.02401e-05,-5.16057e-05,-7.17223e-05,-0.000145769,-0.000239927,-0.000482649,-0.000560522
-2.84314e-05,0.000213861,0.000349975,0.000478274,0.000613290,0.000553405,0.000409234,0.000370431,0.000209105,-3.80278e-06,-4.05431e-05,-5.69940e-05,-4.95136e-05,-3.23117e-05,6.50466e-05,0.000233358,0.000379485,0.000507224,0.000683373,0.000788790,0.000586587,0.000322199,-5.36442e-06,-0.000279427,-0.000608885,-0.000606173,-0.000479335,-0.000284410,-0.000186378,-3.90291e-05,8.15988e-06,-4.93705e-05,-6.48260e-05,-0.000128424,-0.000214309,-0.000424951,-0.000501692
-4.37796e-05,0.000186056,0.000308716,0.000427419,0.000548095,0.000492018,0.000362259,0.000326246,0.000180072,-1.00613e-05,-4.16875e-05,-5.65648e-05,-4.70459e-05,-3.09706e-05,5.60284e-05,0.000207293,0.000338578,0.000452131,0.000612783,0.000707412,0.000524563,0.000286442,-7.34329e-06,-0.000256312,-0.000551379,-0.000546801,-0.000430536,-0.000254840,-0.000165057,-3.27408e-05,9.07183e-06,-4.41074e-05,-5.74887e-05,-0.000115854,-0.000192726,-0.000385255,-0.000451207
-4.28557e-05,0.000155866,0.000271451,0.000379127,0.000490344,0.000439715,0.000323111,0.000291646,0.000159377,-1.37329e-05,-4.09603e-05,-5.08368e-05,-3.99172e-05,-2.32339e-05,5.60343e-05,0.000190187,0.000304562,0.000405407,0.000547969,0.000632674,0.000467598,0.000253451,-1.14799e-05,-0.000235540,-0.000499183,-0.000493568,-0.000387388,-0.000229102,-0.000148714,-3.02911e-05,8.64863e-06,-4.02451e-05,-5.20051e-05,-0.000101811,-0.000170290,-0.000336975,-0.000402242
-5.23031e-05,0.000136048,0.000237173,0.000336260,0.000434613,0.000389075,0.000284761,0.000257587,0.000138432,-1.47998e-05,-3.80695e-05,-4.73618e-05,-3.74556e-05,-2.23219e-05,4.96924e-05,0.000168025,0.000268823,0.000357956,0.000487310,0.000562686,0.000414318,0.000224590,-1.14083e-05,-0.000212020,-0.000448155,-0.000439990,-0.000343561,-0.000201535,-0.000129956,-2.47061e-05,9.64999e-06,-3.49462e-05,-4.52459e-05,-9.10401e-05,-0.000151652,-0.000304341,-0.000358880
-5.59688e-05,0.000113636,0.000208819,0.000297976,0.000388449,0.000347602,0.000254065,0.000228834,0.000121468,-1.79648e-05,-3.81947e-05,-4.55260e-05,-3.33667e-05,-1.81556e-05,4.73618e-05,0.000152212,0.000239706,0.000318837,0.000434613,0.000501841,0.000368267,0.000198179,-1.42455e-05,-0.000193924,-0.000406116,-0.000396359,-0.000309116,-0.000183219,-0.000119489,-2.19941e-05,8.52943e-06,-3.18170e-05,-3.92437e-05,-7.99179e-05,-0.000135553,-0.000275195,-0.000319093
-6.12140e-05,0.000100166,0.000181901,0.000265425,0.000346583,0.000310177,0.000226659,0.000205207,0.000106972,-1.76668e-05,-3.52979e-05,-4.10318e-05,-2.89559e-05,-1.38044e-05,4.36008e-05,0.000136143,0.000213492,0.000283474,0.000388491,0.000450039,0.000330359,0.000176609,-1.39713e-05,-0.000176066,-0.000366020,-0.000355232,-0.000274962,-0.000162154,-0.000105709,-1.93119e-05,7.73072e-06,-3.03507e-05,-3.51071e-05,-7.10964e-05,-0.000120175,-0.000242114,-0.000285655
-6.32107e-05,8.13603e-05,0.000155878,0.000232315,0.000306803,0.000274503,0.000199926,0.000180012,9.18925e-05,-2.14159e-05,-3.50356e-05,-3.76523e-05,-2.42114e-05,-9.41753e-06,4.44770e-05,0.000126380,0.000193179,0.000255281,0.000348783,0.000403392,0.000294220,0.000156885,-1.42694e-05,-0.000160640,-0.000330770,-0.000319535,-0.000245780,-0.000144583,-9.27269e-05,-1.65284e-05,7.42674e-06,-2.84076e-05,-3.27766e-05,-6.46830e-05,-0.000107801,-0.000212252,-0.000255466
-5.74887e-05,7.09295e-05,0.000140601,0.000208271,0.000274605,0.000244147,0.000175804,0.000157285,7.86662e-05,-2.22683e-05,-3.42786e-05,-3.60787e-05,-2.36273e-05,-1.13428e-05,3.73185e-05,0.000111651,0.000171018,0.000225991,0.000310701,0.000358921,0.000261414,0.000137168,-1.61231e-05,-0.000147951,-0.000299913,-0.000288689,-0.000219202,-0.000128579,-8.08358e-05,-1.21295e-05,9.07183e-06,-2.45631e-05,-2.88844e-05,-5.71609e-05,-9.67562e-05,-0.000189066,-0.000231922
-5.95152e-05,5.33462e-05,0.000120640,0.000183845,0.000244534,0.000217718,0.000156885,0.000141579,6.98328e-05,-1.97172e-05,-3.05474e-05,-3.18706e-05,-2.07126e-05,-9.08375e-06,3.27647e-05,9.66370e-05,0.000149620,0.000198352,0.000275058,0.000321400,0.000234693,0.000124305,-1.27435e-05,-0.000131249,-0.000268668,-0.000255960,-0.000194472,-0.000113493,-7.13646e-05,-9.56655e-06,7.21812e-06,-2.42412e-05,-2.66850e-05,-5.17190e-05,-8.81314e-05,-0.000167608,-0.000210166
-6.27339e-05,4.53293e-05,0.000106382,0.000163400,0.000218832,0.000193506,0.000139511,0.000123268,5.78344e-05,-2.51949e-05,-3.32057e-05,-3.42906e-05,-2.07603e-05,-7.95126e-06,3.14236e-05,8.77917e-05,0.000133371,0.000176543,0.000245923,0.000286788,0.000208074,0.000108355,-1.58668e-05,-0.000122112,-0.000246435,-0.000234628,-0.000176901,-0.000102645,-6.57260e-05,-8.21948e-06,8.42214e-06,-2.08735e-05,-2.36809e-05,-4.58837e-05,-7.75278e-05,-0.000151515,-0.000183761
-6.14524e-05,4.22597e-05,9.33409e-05,0.000146425,0.000194937,0.000170904,0.000123286,0.000110006,5.03838e-05,-2.28107e-05,-2.83062e-05,-2.94983e-05,-1.78814e-05,-6.04391e-06,2.91288e-05,7.88510e-05,0.000119889,0.000158137,0.000220823,0.000256664,0.000185293,9.53019e-05,-1.53005e-05,-0.000112224,-0.000222743,-0.000210220,-0.000158066,-9.17494e-05,-5.77152e-05,-6.03199e-06,8.74996e-06,-1.84178e-05,-1.98066e-05,-3.94642e-05,-6.86347e-05,-0.000134259,-0.000166118
-5.41508e-05,3.55840e-05,8.30412e-05,0.000130391,0.000174367,0.000153470,0.000109690,9.72331e-05,4.29988e-05,-2.30193e-05,-2.83003e-05,-2.77340e-05,-1.62542e-05,-3.48687e-06,2.76923e-05,7.15256e-05,0.000106704,0.000140584,0.000195062,0.000228161,0.000163502,8.23855e-05,-1.76728e-05,-0.000104070,-0.000203818,-0.000190830,-0.000142092,-8.31187e-05,-5.36084e-05,-7.33137e-06,5.76377e-06,-1.92285e-05,-1.92940e-05,-3.66986e-05,-6.16848e-05,-0.000123799,-0.000145525
-5.80847e-05,2.84016e-05,7.02858e-05,0.000114119,0.000153810,0.000135934,9.75013e-05,8.57770e-05,3.65615e-05,-2.29061e-05,-2.82168e-05,-2.80976e-05,-1.69456e-05,-5.37634e-06,2.40803e-05,6.46770e-05,9.67145e-05,0.000126719,0.000177521,0.000206220,0.000147724,7.46429e-05,-1.38998e-05,-9.25839e-05,-0.000182617,-0.000171429,-0.000127888,-7.55548e-05,-4.82380e-05,-4.96507e-06,6.61016e-06,-1.63019e-05,-1.72317e-05,-3.26633e-05,-5.57244e-05,-0.000107139,-0.000128806
-5.66244e-05,1.68085e-05,5.93007e-05,9.97782e-05,0.000137454,0.000120467,8.50737e-05,7.60078e-05,3.14236e-05,-2.20358e-05,-2.56360e-05,-2.42114e-05,-1.36316e-05,-3.34382e-06,2.25961e-05,5.86152e-05,8.61585e-05,0.000112802,0.000158334,0.000184911,0.000132090,6.63340e-05,-1.35839e-05,-8.31783e-05,-0.000164407,-0.000153327,-0.000112897,-6.66916e-05,-4.33803e-05,-4.75049e-06,5.50747e-06,-1.52588e-05,-1.51813e-05,-2.88606e-05,-5.02229e-05,-9.78708e-05,-0.000119328
-4.97103e-05,2.10404e-05,5.58019e-05,9.07421e-05,0.000124484,0.000108355,7.56204e-05,6.71923e-05,2.92242e-05,-2.06411e-05,-2.29239e-05,-2.03788e-05,-8.72016e-06,5.96046e-09,2.44260e-05,5.42939e-05,7.78198e-05,0.000101417,0.000143963,0.000166631,0.000119197,6.02603e-05,-1.36733e-05,-7.86900e-05,-0.000149804,-0.000137210,-0.000101906,-5.93781e-05,-3.78132e-05,-3.66569e-06,5.34058e-06,-1.28806e-05,-1.18256e-05,-2.41041e-05,-4.39644e-05,-8.71420e-05,-0.000108272
-4.55379e-05,1.26958e-05,4.85599e-05,8.04722e-05,0.000110668,9.52303e-05,6.68228e-05,5.89073e-05,2.29716e-05,-1.97232e-05,-2.05934e-05,-1.89662e-05,-1.01388e-05,-8.04663e-07,2.04206e-05,4.66704e-05,6.85930e-05,8.95143e-05,0.000127506,0.000148529,0.000105959,5.12302e-05,-1.35124e-05,-7.25567e-05,-0.000138319,-0.000126195,-9.17077e-05,-5.43892e-05,-3.43800e-05,-2.30670e-06,3.67165e-06,-1.45197e-05,-1.26839e-05,-2.35736e-05,-4.20928e-05,-7.86483e-05,-9.95994e-05
-4.27961e-05,1.31428e-05,4.45843e-05,7.45475e-05,0.000102812,8.99494e-05,6.34313e-05,5.59926e-05,2.45571e-05,-1.52051e-05,-1.74642e-05,-1.52946e-05,-5.97239e-06,1.38283e-06,2.11060e-05,4.62115e-05,6.33001e-05,8.17597e-05,0.000115001,0.000132364,9.47714e-05,4.79817e-05,-1.19328e-05,-6.51062e-05,-0.000121897,-0.000113171,-8.39174e-05,-4.93050e-05,-3.06845e-05,-4.91142e-06,1.74642e-06,-1.13845e-05,-1.05977e-05,-2.03550e-05,-3.55542e-05,-6.87242e-05,-9.00030e-05
-3.83556e-05,1.56760e-05,3.86000e-05,6.58929e-05,9.10342e-05,8.07166e-05,5.80609e-05,5.09858e-05,2.10524e-05,-1.62601e-05,-1.93596e-05,-1.82927e-05,-9.98378e-06,-2.08616e-06,1.47641e-05,3.70264e-05,5.32985e-05,6.96957e-05,9.89735e-05,0.000117052,8.16703e-05,4.01199e-05,-1.17242e-05,-5.78165e-05,-0.000110459,-0.000100446,-7.38025e-05,-4.37677e-05,-2.83360e-05,-4.11868e-06,1.79410e-06,-1.14262e-05,-1.00374e-05,-1.87099e-05,-3.28481e-05,-6.23465e-05,-8.33571e-05
-2.88486e-05,1.40071e-05,3.81112e-05,6.03378e-05,8.18074e-05,7.16507e-05,5.00917e-05,4.48704e-05,2.04623e-05,-1.04666e-05,-1.29640e-05,-1.14620e-05,-4.26173e-06,2.11000e-06,1.62542e-05,3.62813e-05,5.05686e-05,6.49095e-05,9.17614e-05,0.000108558,7.78735e-05,3.95775e-05,-8.33273e-06,-5.11289e-05,-9.99570e-05,-9.15825e-05,-6.57499e-05,-3.57866e-05,-2.13683e-05,1.15633e-06,6.06775e-06,-7.37309e-06,-7.27177e-06,-1.45674e-05,-2.72989e-05,-5.20051e-05,-7.37607e-05
-2.72691e-05,1.41263e-05,3.37422e-05,5.54979e-05,7.41065e-05,6.63996e-05,4.83751e-05,4.35233e-05,2.02715e-05,-8.73804e-06,-1.22666e-05,-1.20342e-05,-6.07371e-06,-1.27554e-06,1.41799e-05,3.19362e-05,4.59492e-05,5.86629e-05,8.40425e-05,9.78351e-05,7.08163e-05,3.50416e-05,-7.68900e-06,-4.61340e-05,-8.96871e-05,-8.22067e-05,-5.88298e-05,-3.29196e-05,-1.94490e-05,1.87755e-06,6.23465e-06,-5.25713e-06,-4.70281e-06,-1.31667e-05,-2.51591e-05,-5.10514e-05,-6.27339e-05
-2.72393e-05,1.34706e-05,3.12984e-05,5.09560e-05,6.87659e-05,5.93245e-05,4.24266e-05,3.75628e-05,1.70708e-05,-1.02520e-05,-1.08600e-05,-9.89437e-06,-4.92334e-06,4.47035e-07,1.35601e-05,2.94387e-05,4.15206e-05,5.47707e-05,7.49290e-05,8.80063e-05,6.27458e-05,3.12805e-05,-8.59499e-06,-4.08947e-05,-7.97033e-05,-7.33435e-05,-5.22673e-05,-2.81930e-05,-1.75357e-05,8.34465e-07,4.75049e-06,-5.43594e-06,-4.54187e-06,-1.01089e-05,-2.13504e-05,-3.98159e-05,-6.15418e-05
-2.53022e-05,1.47521e-05,2.89202e-05,4.66883e-05,6.20484e-05,5.49793e-05,3.92616e-05,3.65198e-05,1.86205e-05,-5.26905e-06,-6.92010e-06,-7.14064e-06,-3.17693e-06,6.73532e-07,1.34468e-05,2.75850e-05,3.97503e-05,5.17011e-05,7.10547e-05,8.16584e-05,5.97894e-05,3.03328e-05,-5.02467e-06,-3.55184e-05,-6.99520e-05,-6.44982e-05,-4.55856e-05,-2.53081e-05,-1.54495e-05,1.54972e-07,3.76105e-06,-5.16176e-06,-4.04716e-06,-8.94666e-06,-1.77205e-05,-3.76105e-05,-4.90248e-05
-1.80006e-05,1.11163e-05,2.55048e-05,3.96252e-05,5.51879e-05,4.88997e-05,3.67880e-05,3.46899e-05,1.93238e-05,-1.43051e-06,-1.97887e-06,-3.18885e-06,-3.81470e-07,3.74913e-06,1.19388e-05,2.42770e-05,3.42429e-05,4.52161e-05,6.24716e-05,7.31289e-05,5.40793e-05,3.02374e-05,-1.07288e-06,-2.82466e-05,-5.88417e-05,-5.58794e-05,-4.09842e-05,-2.25842e-05,-1.36614e-05,-5.36442e-07,2.91467e-06,-4.63128e-06,-5.53727e-06,-1.23262e-05,-2.13265e-05,-4.24981e-05,-5.29587e-05
-7.74860e-06,1.00136e-05,2.56121e-05,3.72827e-05,5.05686e-05,4.48048e-05,3.20435e-05,3.06427e-05,1.82450e-05,5.90086e-07,-1.31130e-06,-1.07288e-07,2.92659e-06,5.17964e-06,1.27375e-05,2.55167e-05,3.39031e-05,4.20272e-05,5.65112e-05,6.66261e-05,4.82440e-05,2.57552e-05,2.14577e-07,-2.36213e-05,-5.22971e-05,-4.84824e-05,-3.58403e-05,-2.07126e-05,-1.25468e-05,-1.60933e-07,2.97427e-06,-2.22325e-06,-2.93255e-06,-9.45926e-06,-1.82271e-05,-3.86834e-05,-4.87566e-05
-1.48416e-05,1.19805e-05,2.12252e-05,3.24726e-05,4.31776e-05,3.96192e-05,2.96056e-05,2.83539e-05,1.66833e-05,1.01328e-07,-1.37091e-06,-1.87159e-06,-4.94719e-07,1.96099e-06,1.11163e-05,2.06828e-05,2.99156e-05,3.91126e-05,5.26309e-05,6.00755e-05,4.46320e-05,2.35498e-05,-2.24710e-06,-2.27630e-05,-4.75645e-05,-4.52638e-05,-3.29256e-05,-1.68145e-05,-1.11222e-05,5.42402e-07,3.32594e-06,-1.73450e-06,-4.14252e-06,-8.14795e-06,-1.63913e-05,-3.12328e-05,-4.13060e-05
-4.91738e-06,1.01328e-05,2.03252e-05,2.88308e-05,3.91781e-05,3.59595e-05,2.71678e-05,2.68221e-05,1.82509e-05,4.57168e-06,1.53184e-06,1.07288e-06,2.19941e-06,2.75970e-06,9.38773e-06,1.95086e-05,2.75493e-05,3.41356e-05,4.67122e-05,5.33044e-05,4.03702e-05,2.23339e-05,1.91927e-06,-1.75655e-05,-4.05490e-05,-3.98695e-05,-3.19242e-05,-1.86622e-05,-1.36733e-05,-5.01275e-06,-2.60472e-06,-4.74453e-06,-6.91414e-06,-1.06096e-05,-1.62482e-05,-3.05176e-05,-4.02331e-05
-8.52346e-06,1.59144e-05,1.98841e-05,2.81274e-05,3.59952e-05,3.29077e-05,2.46644e-05,2.43664e-05,1.62840e-05,3.47495e-06,2.77758e-06,2.59280e-06,2.04444e-06,2.77162e-06,9.09567e-06,1.63019e-05,2.34544e-05,2.92957e-05,4.11451e-05,4.72188e-05,3.50475e-05,1.81258e-05,-8.94070e-07,-1.93238e-05,-3.88443e-05,-3.77774e-05,-2.80440e-05,-1.55985e-05,-8.95262e-06,-8.22544e-07,1.31726e-06,-2.81334e-06,-4.73857e-06,-1.00076e-05,-1.72496e-05,-3.01003e-05,-3.99649e-05
5.06639e-07,1.35303e-05,1.92761e-05,2.49803e-05,3.20494e-05,3.08216e-05,2.29776e-05,2.27869e-05,1.73509e-05,7.52211e-06,5.20349e-06,5.04255e-06,4.42266e-06,3.40343e-06,7.52807e-06,1.37210e-05,2.01643e-05,2.53320e-05,3.40700e-05,3.90768e-05,2.98142e-05,1.60635e-05,3.93391e-07,-1.30475e-05,-3.07024e-05,-3.17097e-05,-2.44677e-05,-1.46806e-05,-1.04368e-05,-3.28422e-06,-1.54972e-06,-5.10216e-06,-6.68168e-06,-1.12712e-05,-1.55449e-05,-2.84910e-05,-2.84910e-05
1.10269e-06,1.38283e-05,1.93655e-05,2.48909e-05,3.16083e-05,2.85268e-05,2.11239e-05,2.09570e-05,1.39117e-05,4.75049e-06,2.70009e-06,7.80821e-07,4.70877e-07,1.56760e-06,5.45382e-06,1.29402e-05,2.06530e-05,2.52187e-05,3.34263e-05,3.80933e-05,2.94209e-05,1.65582e-05,1.99080e-06,-1.06215e-05,-2.71916e-05,-2.78473e-05,-2.27392e-05,-1.36018e-05,-9.60231e-06,-2.80738e-06,-1.26362e-06,-2.87294e-06,-4.26173e-06,-8.55923e-06,-1.45674e-05,-2.45273e-05,-3.45409e-05
8.28505e-06,1.03712e-05,1.80960e-05,2.13981e-05,2.72334e-05,2.59459e-05,1.85788e-05,1.79470e-05,1.31428e-05,5.01275e-06,3.32594e-06,3.72529e-06,3.79086e-06,3.14116e-06,6.90818e-06,1.18554e-05,1.70529e-05,2.09630e-05,2.82824e-05,3.22282e-05,2.63333e-05,1.64449e-05,3.03388e-06,-8.60691e-06,-2.36869e-05,-2.61903e-05,-2.33233e-05,-1.48118e-05,-1.09553e-05,-4.61340e-06,-3.33786e-06,-2.93851e-06,-3.98159e-06,-7.66516e-06,-1.10805e-05,-2.32160e-05,-2.33054e-05
3.01003e-06,1.51992e-05,1.87337e-05,2.19285e-05,2.53081e-05,2.20716e-05,1.69337e-05,1.60754e-05,1.15037e-05,4.00543e-06,2.55704e-06,1.24574e-06,-3.33786e-07,1.11461e-06,4.70281e-06,1.11997e-05,1.58846e-05,2.12908e-05,2.61128e-05,2.97785e-05,2.23577e-05,1.31428e-05,6.25849e-07,-1.02460e-05,-2.24054e-05,-2.26021e-05,-1.78099e-05,-9.82881e-06,-6.07371e-06,-1.91927e-06,-7.68900e-07,-2.50936e-06,-5.32269e-06,-8.70228e-06,-1.19030e-05,-2.50041e-05,-2.51532e-05
8.22544e-06,1.04606e-05,1.58548e-05,1.89543e-05,2.40803e-05,2.29537e-05,1.80662e-05,1.70589e-05,1.27018e-05,5.67436e-06,2.39015e-06,1.31726e-06,4.76837e-08,-4.70877e-07,2.92063e-06,8.98242e-06,1.51932e-05,2.01583e-05,2.46227e-05,2.61009e-05,2.10822e-05,1.24156e-05,6.55651e-07,-7.56979e-06,-1.69992e-05,-1.89066e-05,-1.61350e-05,-8.55923e-06,-4.87566e-06,-8.22544e-07,2.26498e-07,-1.65701e-06,-2.33054e-06,-5.51343e-06,-8.62479e-06,-1.69575e-05,-1.71363e-05
6.04987e-06,8.58307e-06,1.36733e-05,1.67131e-05,2.17021e-05,2.06888e-05,1.60933e-05,1.50502e-05,1.08957e-05,4.16040e-06,1.00732e-06,9.53674e-08,-9.65595e-07,-1.49608e-06,1.72853e-06,7.37906e-06,1.31428e-05,1.77503e-05,2.19524e-05,2.33352e-05,1.86503e-05,1.04427e-05,1.29342e-06,-6.38366e-06,-1.52886e-05,-1.69277e-05,-1.41263e-05,-8.86321e-06,-5.25117e-06,-1.25766e-06,-2.80142e-07,-3.21865e-07,-9.17912e-07,-3.99947e-06,-7.09295e-06,-1.68979e-05,-1.71363e-05
8.91089e-06,1.11461e-05,1.41323e-05,1.50561e-05,1.79350e-05,1.70350e-05,1.27256e-05,1.18017e-05,9.89437e-06,5.47767e-06,4.47035e-06,3.66569e-06,2.71797e-06,2.24710e-06,3.32594e-06,8.57115e-06,1.19090e-05,1.42336e-05,1.81854e-05,2.14159e-05,1.70052e-05,1.12712e-05,2.70605e-06,-4.54187e-06,-1.48952e-05,-1.63376e-05,-1.36375e-05,-6.75321e-06,-5.33462e-06,-1.55568e-06,-6.91414e-07,-2.72393e-06,-5.25117e-06,-6.21080e-06,-7.19428e-06,-1.25468e-05,-1.27852e-05
8.04663e-06,1.07586e-05,1.34408e-05,1.43945e-05,1.73807e-05,1.66237e-05,1.25587e-05,1.17004e-05,9.87649e-06,5.47767e-06,4.50015e-06,3.77893e-06,2.93851e-06,2.36630e-06,3.29018e-06,8.18372e-06,1.10924e-05,1.31309e-05,1.70589e-05,2.03490e-05,1.61529e-05,1.07467e-05,4.57764e-06,-2.37823e-06,-1.05858e-05,-1.17958e-05,-8.99434e-06,-4.23193e-06,-2.80142e-06,-9.53674e-07,-1.13249e-07,-2.34842e-06,-4.91142e-06,-5.97835e-06,-7.11679e-06,-1.24872e-05,-1.27256e-05
6.10948e-06,8.49366e-06,1.11103e-05,1.19507e-05,1.48356e-05,1.41680e-05,1.03354e-05,9.56655e-06,7.94530e-06,3.80278e-06,2.93851e-06,2.30670e-06,1.56164e-06,1.06096e-06,1.89543e-06,6.46114e-06,1.10388e-05,1.28448e-05,1.65582e-05,1.96934e-05,1.57356e-05,8.72016e-06,3.03388e-06,-3.59416e-06,-1.13368e-05,-1.24037e-05,-9.70364e-06,-5.26309e-06,-1.99080e-06,-3.39746e-07,4.05312e-07,-1.79410e-06,-2.29478e-06,-5.23329e-06,-6.25253e-06,-1.32024e-05,-1.35005e-05
4.29153e-06,6.67572e-06,9.16719e-06,9.99570e-06,1.30594e-05,1.25229e-05,8.87513e-06,8.33273e-06,6.81877e-06,2.63453e-06,1.77622e-06,1.14441e-06,4.29153e-07,-8.34465e-08,6.43730e-07,4.94719e-06,9.14335e-06,1.07646e-05,1.44601e-05,1.76489e-05,1.38104e-05,9.13739e-06,3.74317e-06,-2.76566e-06,-1.04308e-05,-1.13249e-05,-1.06096e-05,-6.31213e-06,-3.09348e-06,5.00679e-07,1.16229e-06,8.70228e-07,2.92063e-07,-2.79546e-06,-5.91874e-06,-1.51098e-05,-1.53184e-05
4.55976e-06,6.64592e-06,9.10759e-06,9.84073e-06,1.27912e-05,1.23203e-05,8.85725e-06,8.38637e-06,7.03931e-06,3.11136e-06,2.34842e-06,1.77622e-06,1.14441e-06,6.97374e-07,1.32918e-06,5.38230e-06,9.34601e-06,1.07825e-05,1.42872e-05,1.73509e-05,1.37031e-05,9.32217e-06,4.30942e-06,-1.92523e-06,-9.18508e-06,-9.97782e-06,-9.34601e-06,-5.31077e-06,-2.22325e-06,1.18613e-06,1.77622e-06,1.51992e-06,1.00136e-06,-1.97291e-06,-4.96507e-06,-1.38283e-05,-1.39773e-05
8.31485e-06,1.01030e-05,1.05500e-05,1.12236e-05,1.22786e-05,1.19388e-05,1.06454e-05,1.03950e-05,9.20296e-06,7.33733e-06,6.59227e-06,6.03795e-06,5.44786e-06,3.05772e-06,3.58820e-06,5.45979e-06,7.14064e-06,8.43406e-06,1.18494e-05,1.29104e-05,1.13428e-05,7.28965e-06,2.59280e-06,-1.51396e-06,-6.56843e-06,-9.22680e-06,-8.67844e-06,-4.87566e-06,-3.89814e-06,-2.66433e-06,-1.90735e-07,-4.52995e-07,-3.00407e-06,-4.00543e-06,-4.96507e-06,-9.80496e-06,-9.89437e-06
7.33137e-06,8.91089e-06,9.29832e-06,9.89437e-06,1.08302e-05,1.05321e-05,9.38773e-06,9.16123e-06,8.10623e-06,6.44922e-06,5.78165e-06,5.28693e-06,4.76241e-06,2.40803e-06,2.87890e-06,4.54783e-06,6.04391e-06,7.18832e-06,1.04368e-05,1.13785e-05,9.98378e-06,6.16312e-06,1.77622e-06,-2.08020e-06,-6.78897e-06,-9.37581e-06,-8.88705e-06,-5.28693e-06,-4.41670e-06,-3.31998e-06,-8.94070e-07,-1.13249e-06,-3.62396e-06,-4.51207e-06,-5.37038e-06,-9.86457e-06,-9.98378e-06
2.77162e-06,4.02331e-06,6.42538e-06,6.94394e-06,9.88245e-06,9.68575e-06,6.71148e-06,6.65188e-06,5.78165e-06,2.28882e-06,1.68085e-06,1.22190e-06,7.51019e-07,4.58956e-07,8.34465e-07,4.32730e-06,5.62072e-06,6.61016e-06,7.71284e-06,1.05858e-05,7.31945e-06,5.77569e-06,1.72853e-06,-1.93119e-06,-8.32081e-06,-8.82745e-06,-8.45194e-06,-5.10216e-06,-2.38419e-06,4.94719e-07,8.22544e-07,6.07967e-07,1.13249e-07,-2.70009e-06,-5.43594e-06,-1.37091e-05,-1.37389e-05
6.46710e-06,7.56979e-06,7.92742e-06,8.38637e-06,9.21488e-06,9.04202e-06,8.17180e-06,8.11219e-06,7.34925e-06,6.03199e-06,5.49555e-06,5.09620e-06,4.68492e-06,2.41399e-06,2.74777e-06,4.06504e-06,5.21541e-06,6.09159e-06,9.07183e-06,9.84073e-06,8.72612e-06,5.34654e-06,1.53184e-06,-1.94907e-06,-6.07371e-06,-8.52943e-06,-8.19564e-06,-5.00083e-06,-4.36306e-06,-3.57628e-06,-1.28150e-06,-1.46627e-06,-3.91006e-06,-4.62532e-06,-5.28097e-06,-9.29832e-06,-9.32813e-06
-5.06639e-07,3.57628e-07,4.69089e-06,7.07507e-06,9.82285e-06,9.70960e-06,6.97374e-06,8.97050e-06,6.34193e-06,3.20077e-06,7.15256e-07,3.51667e-07,-2.01464e-06,-2.25306e-06,-1.97291e-06,1.18613e-06,4.18425e-06,6.93798e-06,9.78708e-06,1.24574e-05,9.47714e-06,6.30617e-06,2.75373e-06,-5.30481e-07,-4.36306e-06,-4.75645e-06,-4.49419e-06,-3.48091e-06,-2.95043e-06,-2.30074e-06,-2.06232e-06,-2.21729e-06,-2.60472e-06,-3.23057e-06,-3.79682e-06,-5.57303e-06,-5.60284e-06
3.96371e-06,4.35114e-06,4.59552e-06,4.79817e-06,5.24521e-06,5.20945e-06,4.81606e-06,4.86374e-06,4.55379e-06,3.92199e-06,3.64184e-06,3.42727e-06,3.20673e-06,3.06368e-06,3.21269e-06,3.86834e-06,4.43459e-06,4.85778e-06,5.34058e-06,5.72205e-06,5.17368e-06,4.52995e-06,1.66893e-06,-1.06692e-06,-4.10080e-06,-4.32730e-06,-4.20213e-06,-1.65105e-06,6.25849e-07,2.96831e-06,3.08752e-06,2.98619e-06,7.45058e-07,-1.60336e-06,-3.91602e-06,-8.91089e-06,-8.94070e-06
1.63913e-06,1.87755e-06,2.02656e-06,2.15173e-06,4.42863e-06,4.41074e-06,4.16636e-06,4.19021e-06,3.99947e-06,1.60933e-06,1.43647e-06,1.30534e-06,1.17421e-06,1.08480e-06,1.17421e-06,1.57952e-06,1.92523e-06,2.18153e-06,2.47955e-06,2.71201e-06,2.37226e-06,1.97887e-06,-5.48363e-07,-1.00136e-06,-3.62992e-06,-3.77297e-06,-3.70145e-06,-1.35899e-06,-1.18613e-06,1.02520e-06,1.10269e-06,1.04904e-06,9.00030e-07,-1.31726e-06,-3.51071e-06,-1.01328e-05,-1.01328e-05
2.56300e-06,2.68221e-06,2.77162e-06,2.83718e-06,2.99215e-06,2.99215e-06,2.86102e-06,2.89083e-06,2.80142e-06,2.59280e-06,2.49147e-06,2.41995e-06,2.34246e-06,2.28882e-06,2.33650e-06,2.55704e-06,2.74777e-06,2.88486e-06,3.04580e-06,3.17097e-06,2.99215e-06,2.77758e-06,5.00679e-07,2.56300e-07,-2.08020e-06,-2.16365e-06,-2.12789e-06,4.76837e-08,1.31130e-07,2.22921e-06,2.27094e-06,2.23517e-06,2.14577e-06,2.98023e-08,-2.06828e-06,-8.40425e-06,-8.40425e-06
4.58956e-06,4.64916e-06,4.70877e-06,4.75049e-06,4.84586e-06,4.84586e-06,4.76837e-06,4.78625e-06,4.72665e-06,4.60148e-06,4.54187e-06,4.49419e-06,4.44651e-06,4.41670e-06,4.44651e-06,4.57764e-06,4.69685e-06,4.78029e-06,4.87566e-06,4.95315e-06,4.84586e-06,4.71473e-06,2.54512e-06,3.99351e-07,-1.81198e-06,-1.86563e-06,-1.84774e-06,2.62260e-07,3.15905e-07,3.81470e-07,4.05312e-07,-1.60933e-06,-3.65973e-06,-3.73125e-06,-3.79682e-06,-5.99027e-06,-6.02007e-06
4.44055e-06,4.47035e-06,4.50015e-06,4.51803e-06,4.57168e-06,4.57764e-06,4.53591e-06,4.55379e-06,4.52995e-06,4.46439e-06,4.42863e-06,4.40478e-06,4.37498e-06,4.35710e-06,4.36902e-06,4.43459e-06,4.50015e-06,4.54783e-06,4.60148e-06,4.64320e-06,4.59552e-06,4.52399e-06,2.42591e-06,3.39746e-07,-1.77622e-06,-1.81198e-06,-1.80006e-06,2.62260e-07,2.86102e-07,3.21865e-07,3.39746e-07,-1.67489e-06,-3.70741e-06,-3.74317e-06,-3.77893e-06,-5.90086e-06,-5.90086e-06
-1.13249e-06,-1.13249e-06,-1.10865e-06,-1.09673e-06,9.35793e-07,9.41753e-07,9.17912e-07,9.29832e-07,9.11951e-07,-1.12653e-06,-1.15037e-06,-1.16825e-06,-1.18613e-06,-1.19805e-06,-1.19209e-06,-1.14441e-06,-1.10269e-06,-1.07288e-06,-1.03712e-06,-1.00732e-06,-1.04308e-06,-1.08480e-06,-1.14441e-06,-1.19805e-06,-1.26958e-06,-1.28746e-06,-1.28150e-06,-1.24574e-06,-1.22786e-06,-1.20997e-06,-1.20401e-06,-1.20997e-06,-1.22786e-06,-1.25170e-06,-1.26958e-06,-1.34110e-06,-1.34110e-06
4.82798e-06,4.82798e-06,4.84586e-06,4.85182e-06,4.86970e-06,4.87566e-06,4.86374e-06,4.86970e-06,4.86374e-06,4.84586e-06,4.82798e-06,4.82202e-06,4.81009e-06,2.80142e-06,2.80738e-06,2.83122e-06,2.84910e-06,2.86698e-06,4.88758e-06,4.89950e-06,4.88162e-06,2.86102e-06,8.28505e-07,-1.20401e-06,-3.24249e-06,-5.25117e-06,-5.25117e-06,-3.23057e-06,-3.22461e-06,-3.21865e-06,-3.21865e-06,-3.22461e-06,-5.23925e-06,-5.25117e-06,-5.26309e-06,-5.30481e-06,-5.30481e-06
-1.78814e-07,-1.78814e-07,-1.78814e-07,-1.78814e-07,-1.72853e-07,-1.72853e-07,-1.78814e-07,-1.72853e-07,-1.72853e-07,-1.84774e-07,-1.90735e-07,-1.96695e-07,-2.02656e-07,-2.08616e-07,-2.02656e-07,-1.90735e-07,-1.78814e-07,-1.72853e-07,-1.60933e-07,-1.54972e-07,-1.60933e-07,-1.72853e-07,-1.84774e-07,-2.02656e-07,-2.26498e-07,-2.32458e-07,-2.32458e-07,-2.26498e-07,-2.20537e-07,-2.14577e-07,-2.14577e-07,-2.20537e-07,-2.26498e-07,-2.38419e-07,-2.44379e-07,-2.68221e-07,-2.68221e-07
4.94719e-06,4.94719e-06,4.95911e-06,4.96507e-06,4.97103e-06,4.97103e-06,4.96507e-06,4.97103e-06,4.96507e-06,4.95911e-06,4.95315e-06,4.95315e-06,4.94719e-06,2.95043e-06,2.95639e-06,2.96235e-06,2.96831e-06,2.97427e-06,4.97699e-06,4.97699e-06,4.97699e-06,2.97427e-06,9.65595e-07,-1.04308e-06,-3.05176e-06,-5.05447e-06,-5.05447e-06,-3.05176e-06,-3.04580e-06,-3.03984e-06,-3.03984e-06,-3.03984e-06,-5.03659e-06,-5.04255e-06,-5.04851e-06,-5.06639e-06,-5.06639e-06
4.17233e-06,4.17233e-06,4.17829e-06,4.17829e-06,4.18425e-06,4.18425e-06,4.17829e-06,4.17829e-06,4.17829e-06,4.17233e-06,4.17233e-06,4.17233e-06,4.17233e-06,4.17233e-06,4.17233e-06,4.17829e-06,4.18425e-06,4.18425e-06,4.19021e-06,4.19617e-06,4.19021e-06,4.18425e-06,2.18749e-06,1.84774e-07,-1.82390e-06,-1.82390e-06,-1.82390e-06,1.72853e-07,2.16961e-06,2.17557e-06,2.17557e-06,2.17557e-06,1.78814e-07,-1.82390e-06,-1.82986e-06,-5.84126e-06,-5.84126e-06
-2.08616e-07,-2.08616e-07,-2.08616e-07,-2.08616e-07,-2.02656e-07,-2.02656e-07,-2.02656e-07,-2.02656e-07,-2.02656e-07,-2.08616e-07,-2.08616e-07,-2.08616e-07,-2.08616e-07,-2.08616e-07,-2.08616e-07,-2.08616e-07,-2.08616e-07,-2.08616e-07,-2.08616e-07,-2.08616e-07,-2.08616e-07,-2.08616e-07,-2.08616e-07,-2.08616e-07,-2.08616e-07,-2.08616e-07,-2.08616e-07,-2.08616e-07,-2.08616e-07,-2.08616e-07,-2.08616e-07,-2.08616e-07,-2.08616e-07,-2.08616e-07,-2.08616e-07,-2.08616e-07,-2.08616e-07
-3.39746e-06,-3.39746e-06,-3.39746e-06,-3.39746e-06,-1.39475e-06,-1.39475e-06,-1.39475e-06,-1.39475e-06,-1.39475e-06,-3.39746e-06,-3.39746e-06,-3.39746e-06,-3.39746e-06,-3.39746e-06,-3.39746e-06,-3.39746e-06,-3.39746e-06,-3.39746e-06,-3.39746e-06,-1.39475e-06,-1.39475e-06,-1.39475e-06,-1.39475e-06,-1.39475e-06,-3.39746e-06,-3.39746e-06,-3.39746e-06,-3.39746e-06,-3.39746e-06,-3.39746e-06,-3.39746e-06,-3.39746e-06,-3.39746e-06,-3.39746e-06,-3.39746e-06,-3.39746e-06,-3.39746e-06
3.33786e-06,3.33786e-06,3.33786e-06,3.33786e-06,3.33786e-06,3.33786e-06,3.33786e-06,3.33786e-06,3.33786e-06,3.33786e-06,3.33786e-06,3.33786e-06,3.33786e-06,3.33786e-06,3.33786e-06,3.33786e-06,3.33786e-06,3.33786e-06,3.33786e-06,3.33786e-06,3.33786e-06,3.33786e-06,3.33786e-06,3.33786e-06,3.33786e-06,3.33786e-06,3.33786e-06,3.33786e-06,3.33786e-06,3.33786e-06,3.33786e-06,3.33786e-06,3.33786e-06,1.34110e-06,-6.55651e-07,-6.64592e-06,-6.64592e-06
-1.90735e-06,-1.90735e-06,-1.90735e-06,-1.90735e-06,-1.90735e-06,-1.90735e-06,-1.90735e-06,-1.90735e-06,-1.90735e-06,-1.90735e-06,-1.90735e-06,-1.90735e-06,-1.90735e-06,-1.90735e-06,-1.90735e-06,-1.90735e-06,-1.90735e-06,-1.90735e-06,-1.90735e-06,-1.90735e-06,-1.90735e-06,-1.90735e-06,-1.90735e-06,-1.90735e-06,-1.90735e-06,-1.90735e-06,-1.90735e-06,-1.90735e-06,-1.90735e-06,-1.90735e-06,-1.90735e-06,-1.90735e-06,-1.90735e-06,-1.90735e-06,-1.90735e-06,-1.90735e-06,-1.90735e-06
-4.32134e-06,-4.32134e-06,-2.32458e-06,-2.32458e-06,-3.27826e-07,1.66893e-06,-3.27826e-07,1.66893e-06,1.66893e-06,-3.27826e-07,-2.32458e-06,-2.32458e-06,-4.32134e-06,-4.32134e-06,-4.32134e-06,-2.32458e-06,-3.27826e-07,-3.27826e-07,1.66893e-06,3.66569e-06,1.66893e-06,-3.27826e-07,-3.27826e-07,-2.32458e-06,-4.32134e-06,-4.32134e-06,-4.32134e-06,-4.32134e-06,-4.32134e-06,-4.32134e-06,-4.32134e-06,-4.32134e-06,-4.32134e-06,-4.32134e-06,-4.32134e-06,-4.32134e-06,-4.32134e-06
-2.74181e-06,-2.74181e-06,-2.74181e-06,-2.74181e-06,-2.74181e-06,-2.74181e-06,-2.74181e-06,-2.74181e-06,-2.74181e-06,-2.74181e-06,-2.74181e-06,-2.74181e-06,-2.74181e-06,-2.74181e-06,-2.74181e-06,-2.74181e-06,-2.74181e-06,-2.74181e-06,-2.74181e-06,-2.74181e-06,-2.74181e-06,-2.74181e-06,-2.74181e-06,-2.74181e-06,-2.74181e-06,-2.74181e-06,-2.74181e-06,-2.74181e-06,-2.74181e-06,-2.74181e-06,-2.74181e-06,-2.74181e-06,-2.74181e-06,-2.74181e-06,-2.74181e-06,-2.74181e-06,-2.74181e-06
-8.64267e-07,-8.64267e-07,-8.64267e-07,-8.64267e-07,-8.64267e-07,-8.64267e-07,-8.64267e-07,-8.64267e-07,-8.64267e-07,-8.64267e-07,-8.64267e-07,-8.64267e-07,-8.64267e-07,-8.64267e-07,-8.64267e-07,-8.64267e-07,-8.64267e-07,-8.64267e-07,-8.64267e-07,-8.64267e-07,-8.64267e-07,-8.64267e-07,-8.64267e-07,-8.64267e-07,-8.64267e-07,-8.64267e-07,-8.64267e-07,-8.64267e-07,-8.64267e-07,-8.64267e-07,-8.64267e-07,-8.64267e-07,-8.64267e-07,-8.64267e-07,-8.64267e-07,-8.64267e-07,-8.64267e-07
8.64267e-07,8.64267e-07,8.64267e-07,8.64267e-07,8.64267e-07,8.64267e-07,8.64267e-07,8.64267e-07,8.64267e-07,8.64267e-07,8.64267e-07,8.64267e-07,8.64267e-07,8.64267e-07,8.64267e-07,8.64267e-07,8.64267e-07,8.64267e-07,8.64267e-07,8.64267e-07,8.64267e-07,8.64267e-07,8.64267e-07,8.64267e-07,8.64267e-07,8.64267e-07,8.64267e-07,8.64267e-07,8.64267e-07,8.64267e-07,8.64267e-07,8.64267e-07,8.64267e-07,8.64267e-07,8.64267e-07,8.64267e-07,8.64267e-07
2.41399e-06,2.41399e-06,2.41399e-06,2.41399e-06,2.41399e-06,2.41399e-06,2.41399e-06,2.41399e-06,2.41399e-06,2.41399e-06,2.41399e-06,2.41399e-06,2.41399e-06,2.41399e-06,2.41399e-06,2.41399e-06,2.41399e-06,2.41399e-06,2.41399e-06,2.41399e-06,2.41399e-06,2.41399e-06,2.41399e-06,2.41399e-06,2.41399e-06,2.41399e-06,2.41399e-06,2.41399e-06,2.41399e-06,2.41399e-06,2.41399e-06,2.41399e-06,2.41399e-06,2.41399e-06,2.41399e-06,2.41399e-06,2.41399e-06
3.87430e-06,3.87430e-06,3.87430e-06,3.87430e-06,3.87430e-06,3.87430e-06,3.87430e-06,3.87430e-06,3.87430e-06,3.87430e-06,3.87430e-06,3.87430e-06,3.87430e-06,3.87430e-06,3.87430e-06,3.87430e-06,3.87430e-06,3.87430e-06,3.87430e-06,3.87430e-06,3.87430e-06,3.87430e-06,3.87430e-06,3.87430e-06,3.87430e-06,3.87430e-06,3.87430e-06,3.87430e-06,3.87430e-06,3.87430e-06,3.87430e-06,3.87430e-06,3.87430e-06,1.87755e-06,-1.19209e-07,-6.10948e-06,-6.10948e-06
5.21541e-06,5.21541e-06,5.21541e-06,5.21541e-06,5.21541e-06,5.21541e-06,5.21541e-06,5.21541e-06,5.21541e-06,5.21541e-06,5.21541e-06,5.21541e-06,5.21541e-06,3.21865e-06,3.21865e-06,3.21865e-06,3.21865e-06,3.21865e-06,5.21541e-06,5.21541e-06,5.21541e-06,3.21865e-06,1.22190e-06,-7.74860e-07,-2.77162e-06,-4.76837e-06,-4.76837e-06,-2.77162e-06,-2.77162e-06,-2.77162e-06,-2.77162e-06,-2.77162e-06,-4.76837e-06,-4.76837e-06,-4.76837e-06,-4.76837e-06,-4.76837e-06
-3.57628e-06,-3.57628e-06,-3.57628e-06,-3.57628e-06,-3.57628e-06,-3.57628e-06,-3.57628e-06,-3.57628e-06,-3.57628e-06,-3.57628e-06,-3.57628e-06,-3.57628e-06,-3.57628e-06,-3.57628e-06,-3.57628e-06,-3.57628e-06,-3.57628e-06,-3.57628e-06,-3.57628e-06,-3.57628e-06,-3.57628e-06,-3.57628e-06,-3.57628e-06,-3.57628e-06,-3.57628e-06,-3.57628e-06,-3.57628e-06,-3.57628e-06,-3.57628e-06,-3.57628e-06,-3.57628e-06,-3.57628e-06,-3.57628e-06,-3.57628e-06,-3.57628e-06,-3.57628e-06,-3.57628e-06
-2.44379e-06,-2.44379e-06,-2.44379e-06,-2.44379e-06,-2.44379e-06,-2.44379e-06,-2.44379e-06,-2.44379e-06,-2.44379e-06,-2.44379e-06,-2.44379e-06,-2.44379e-06,-2.44379e-06,-2.44379e-06,-2.44379e-06,-2.44379e-06,-2.44379e-06,-2.44379e-06,-2.44379e-06,-2.44379e-06,-2.44379e-06,-2.44379e-06,-2.44379e-06,-2.44379e-06,-2.44379e-06,-2.44379e-06,-2.44379e-06,-2.44379e-06,-2.44379e-06,-2.44379e-06,-2.44379e-06,-2.44379e-06,-2.44379e-06,-2.44379e-06,-2.44379e-06,-2.44379e-06,-2.44379e-06
-1.43051e-06,-1.43051e-06,-1.43051e-06,-1.43051e-06,-1.43051e-06,-1.43051e-06,-1.43051e-06,-1.43051e-06,-1.43051e-06,-1.43051e-06,-1.43051e-06,-1.43051e-06,-1.43051e-06,-1.43051e-06,-1.43051e-06,-1.43051e-06,-1.43051e-06,-1.43051e-06,-1.43051e-06,-1.43051e-06,-1.43051e-06,-1.43051e-06,-1.43051e-06,-1.43051e-06,-1.43051e-06,-1.43051e-06,-1.43051e-06,-1.43051e-06,-1.43051e-06,-1.43051e-06,-1.43051e-06,-1.43051e-06,-1.43051e-06,-1.43051e-06,-1.43051e-06,-1.43051e-06,-1.43051e-06
