177.310,177.372,177.430,177.568,177.658,177.676,177.728,177.746,177.642,177.610,177.700,177.750,177.806,177.880,177.942,177.946,177.892,177.914,177.980,177.920,177.742,177.650,177.574,177.462,177.458,177.616,177.724,177.742,177.804,177.922,178.026,177.962,177.950,177.982,177.984,177.942,178.050
170.752,170.820,170.884,171.032,171.128,171.148,171.204,171.224,171.112,171.078,171.174,171.228,171.288,171.370,171.438,171.444,171.386,171.408,171.478,171.412,171.218,171.118,171.036,170.916,170.914,171.086,171.204,171.224,171.290,171.416,171.528,171.458,171.446,171.482,171.484,171.438,171.554
164.372,164.444,164.512,164.672,164.776,164.796,164.858,164.880,164.758,164.722,164.826,164.882,164.946,165.034,165.108,165.114,165.052,165.078,165.154,165.082,164.874,164.768,164.678,164.548,164.544,164.728,164.854,164.874,164.946,165.084,165.206,165.130,165.118,165.156,165.158,165.108,165.234
158.264,158.344,158.418,158.592,158.706,158.728,158.794,158.818,158.688,158.648,158.760,158.822,158.892,158.986,159.066,159.072,159.004,159.030,159.112,159.036,158.812,158.696,158.600,158.460,158.456,158.656,158.792,158.816,158.892,159.040,159.170,159.090,159.076,159.118,159.120,159.068,159.204
152.306,152.392,152.472,152.660,152.782,152.806,152.876,152.902,152.760,152.716,152.836,152.904,152.978,153.082,153.168,153.176,153.104,153.134,153.222,153.140,152.896,152.770,152.666,152.514,152.510,152.726,152.872,152.896,152.980,153.140,153.282,153.196,153.182,153.226,153.228,153.170,153.316
146.476,146.568,146.654,146.856,146.988,147.012,147.088,147.116,146.964,146.918,147.050,147.124,147.204,147.314,147.406,147.412,147.334,147.366,147.462,147.374,147.112,146.976,146.864,146.700,146.696,146.930,147.088,147.114,147.204,147.376,147.528,147.434,147.418,147.466,147.468,147.406,147.564
140.796,140.896,140.988,141.206,141.348,141.376,141.458,141.488,141.324,141.274,141.416,141.494,141.582,141.700,141.800,141.808,141.724,141.758,141.862,141.766,141.482,141.336,141.214,141.038,141.032,141.284,141.454,141.484,141.580,141.768,141.932,141.832,141.814,141.866,141.868,141.802,141.972
135.246,135.352,135.452,135.686,135.840,135.870,135.960,135.990,135.814,135.760,135.914,135.998,136.094,136.222,136.330,136.338,136.248,136.286,136.398,136.294,135.988,135.830,135.698,135.508,135.502,135.774,135.958,135.990,136.094,136.296,136.474,136.364,136.344,136.400,136.402,136.328,136.512
129.850,129.966,130.074,130.328,130.494,130.526,130.622,130.656,130.464,130.406,130.570,130.662,130.766,130.906,131.022,131.032,130.934,130.972,131.092,130.980,130.650,130.480,130.340,130.134,130.128,130.422,130.620,130.652,130.766,130.984,131.176,131.058,131.038,131.098,131.100,131.020,131.218
124.602,124.728,124.846,125.120,125.300,125.334,125.438,125.474,125.268,125.204,125.384,125.482,125.594,125.744,125.870,125.878,125.772,125.814,125.944,125.822,125.466,125.282,125.130,124.908,124.902,125.220,125.436,125.472,125.594,125.830,126.036,125.908,125.886,125.952,125.954,125.870,126.084
119.492,119.626,119.752,120.048,120.242,120.280,120.392,120.432,120.208,120.140,120.332,120.440,120.560,120.724,120.860,120.870,120.754,120.800,120.940,120.808,120.424,120.226,120.060,119.820,119.814,120.156,120.388,120.428,120.558,120.812,121.036,120.898,120.874,120.946,120.948,120.856,121.088
114.526,114.672,114.810,115.130,115.338,115.378,115.498,115.540,115.298,115.224,115.432,115.548,115.676,115.852,116.000,116.012,115.888,115.938,116.090,115.948,115.532,115.318,115.140,114.880,114.872,115.242,115.494,115.536,115.678,115.954,116.194,116.044,116.018,116.096,116.098,116.000,116.250
109.678,109.836,109.984,110.330,110.556,110.600,110.732,110.778,110.518,110.440,110.664,110.788,110.928,111.118,111.276,111.288,111.154,111.208,111.372,111.218,110.770,110.538,110.346,110.066,110.060,110.458,110.730,110.776,110.928,111.224,111.486,111.324,111.296,111.380,111.382,111.274,111.544
104.972,105.142,105.302,105.676,105.920,105.966,106.108,106.158,105.876,105.790,106.032,106.166,106.316,106.522,106.692,106.706,106.562,106.620,106.796,106.632,106.148,105.898,105.692,105.390,105.382,105.812,106.104,106.152,106.316,106.636,106.918,106.744,106.714,106.804,106.806,106.690,106.982
100.390,100.572,100.744,101.146,101.410,101.460,101.612,101.664,101.360,101.266,101.528,101.674,101.838,102.058,102.244,102.258,102.102,102.164,102.356,102.178,101.655,101.385,101.161,100.835,100.825,101.290,101.606,101.660,101.838,102.184,102.488,102.300,102.266,102.362,102.364,102.238,102.552
95.7836,95.9816,96.1674,96.6020,96.8866,96.9410,97.1054,97.1628,96.8348,96.7342,97.0168,97.1732,97.3492,97.5878,97.7876,97.8028,97.6346,97.7026,97.9084,97.7162,97.1520,96.8614,96.6192,96.2674,96.2574,96.7594,97.1002,97.1576,97.3502,97.7234,98.0514,97.8488,97.8134,97.9180,97.9214,97.7872,98.1268
91.1504,91.3646,91.5658,92.0362,92.3444,92.4032,92.5812,92.6434,92.2884,92.1796,92.4854,92.6548,92.8452,93.1036,93.3196,93.3360,93.1540,93.2276,93.4502,93.2422,92.6314,92.3166,92.0542,91.6732,91.6624,92.2060,92.5750,92.6372,92.8458,93.2498,93.6048,93.3860,93.3478,93.4608,93.4644,93.3190,93.6860
86.8654,87.0948,87.3108,87.8160,88.1478,88.2122,88.4044,88.4722,88.0912,87.9734,88.3012,88.4832,88.6868,88.9638,89.1960,89.2138,89.0178,89.0974,89.3376,89.1132,88.4544,88.1148,87.8318,87.4208,87.4094,87.9950,88.3926,88.4600,88.6852,89.1204,89.5028,89.2704,89.2296,89.3498,89.3530,89.1962,89.5878
82.5972,82.8360,83.0636,83.5976,83.9508,84.0228,84.2296,84.3054,83.9028,83.7754,84.1202,84.3138,84.5252,84.8166,85.0622,85.0814,84.8714,84.9576,85.2156,84.9732,84.2640,83.8984,83.5936,83.1510,83.1396,83.7664,84.1914,84.2652,84.5080,84.9738,85.3832,85.1492,85.1074,85.2306,85.2312,85.0630,85.4664
77.9160,78.1432,78.3688,78.9066,79.2726,79.3554,79.5760,79.6654,79.2588,79.1208,79.4666,79.6652,79.8668,80.1568,80.4040,80.4248,80.2044,80.2988,80.5724,80.3082,79.5476,79.1554,78.8274,78.3522,78.3438,79.0024,79.4464,79.5308,79.7928,80.2832,80.7142,80.5150,80.4782,80.5934,80.5876,80.4134,80.7920
75.3024,75.4766,75.6702,76.1586,76.5138,76.6082,76.8352,76.9432,76.5672,76.4220,76.7364,76.9220,77.0822,77.3426,77.5670,77.5916,77.3750,77.4776,77.7496,77.4564,76.6570,76.2446,75.8980,75.4014,75.4042,76.0628,76.5022,76.6058,76.8858,77.3802,77.8142,77.7108,77.6910,77.7860,77.7748,77.6154,77.9110
72.3530,72.4244,72.5466,72.9136,73.2204,73.3190,73.5336,73.6562,73.3542,73.2104,73.4502,73.5920,73.6750,73.8756,74.0486,74.0850,73.9004,74.0078,74.2386,73.9004,73.0884,72.6702,72.3156,71.8232,71.8512,72.4560,72.8558,72.9944,73.2930,73.7612,74.1696,74.2316,74.2486,74.3210,74.3188,74.2154,74.3698
69.7162,69.6614,69.6884,69.8792,70.0922,70.1772,70.3462,70.4602,70.2600,70.1306,70.2572,70.3224,70.3116,70.4408,70.5520,70.6170,70.5046,70.6068,70.7414,70.3410,69.5580,69.1540,68.8094,68.3592,68.4244,68.9156,69.2468,69.4388,69.7608,70.1756,70.5310,70.7874,70.8594,70.9276,70.9652,70.9652,70.9638
67.9488,67.7932,67.7364,67.7450,67.8284,67.8728,67.9558,68.0180,67.9120,67.8062,67.8024,67.7754,67.6888,67.7614,67.8320,67.9490,67.9444,68.0296,68.0304,67.5634,66.8566,66.4852,66.1698,65.7924,65.8946,66.2314,66.4866,66.7432,67.0974,67.4504,67.7432,68.1530,68.2874,68.3838,68.4934,68.6214,68.5126
66.1000,65.9140,65.8210,65.6976,65.6436,65.6234,65.5840,65.5438,65.4870,65.4022,65.2768,65.1708,65.0594,65.1072,65.1798,65.3706,65.4912,65.5518,65.4268,64.9164,64.3264,63.9982,63.7232,63.4274,63.5470,63.7232,63.9176,64.2332,64.6266,64.9320,65.1712,65.6362,65.8274,65.9806,66.1758,66.4162,66.2896
64.4390,64.3078,64.2428,64.0744,63.9154,63.8250,63.6500,63.4716,63.3998,63.3206,63.1060,62.9606,62.8894,62.9428,63.0572,63.3328,63.5664,63.6032,63.4108,62.9094,62.4552,62.1708,61.9362,61.7078,61.8078,61.8550,62.0170,62.3648,62.7956,63.0868,63.2946,63.6982,63.9266,64.1416,64.4000,64.6928,64.6384
62.4780,62.4598,62.4686,62.3376,62.1370,62.0000,61.7124,61.4000,61.2630,61.1686,60.9062,60.7690,60.7866,60.8588,61.0288,61.3838,61.6918,61.7156,61.5396,61.1140,60.7800,60.5278,60.3206,60.1320,60.1674,60.1450,60.3058,60.6470,61.1004,61.4174,61.6196,61.8748,62.1130,62.3646,62.6296,62.8880,62.9540
60.7562,60.8594,60.9468,60.8972,60.7242,60.5842,60.2384,59.8374,59.6210,59.4920,59.2136,59.1166,59.2376,59.3236,59.5356,59.9532,60.2900,60.3192,60.2314,59.9390,59.6798,59.4362,59.2336,59.0552,58.9860,58.9580,59.1418,59.4436,59.8960,60.2690,60.4868,60.5650,60.7870,61.0310,61.2358,61.3790,61.5576
58.9576,59.1526,59.2880,59.3226,59.2338,59.1366,58.8002,58.3824,58.1064,57.9246,57.6468,57.5996,57.8056,57.8932,58.1222,58.5782,58.9064,58.9648,59.0100,58.8862,58.6430,58.3752,58.1486,57.9520,57.7482,57.7644,57.9848,58.2318,58.6550,59.0960,59.3426,59.2692,59.4540,59.6442,59.7350,59.7128,59.9538
57.5826,57.8182,57.9500,58.0392,58.0646,58.0378,57.7706,57.4150,57.1202,56.8728,56.5996,56.5850,56.8290,56.9084,57.1330,57.5968,57.8980,58.0082,58.1920,58.2308,57.9540,57.6324,57.3562,57.1192,56.7784,56.8550,57.1088,57.3060,57.6738,58.1648,58.4414,58.2850,58.4242,58.5348,58.5002,58.3222,58.5578
56.3120,56.5406,56.6206,56.7258,56.8718,56.9204,56.7594,56.5286,56.2560,55.9374,55.6682,55.6562,55.8834,55.9516,56.1620,56.6024,56.8760,57.0558,57.3602,57.5282,57.1958,56.8030,56.4608,56.1680,55.7100,55.8282,56.0972,56.2582,56.5462,57.0462,57.3456,57.1848,57.2802,57.3122,57.1804,56.9030,57.0762
55.4130,55.6002,55.6014,55.6890,55.9308,56.0334,55.9814,55.8988,55.6738,55.2960,55.0340,54.9956,55.1624,55.2262,55.4254,55.8176,56.0750,56.3272,56.7122,56.9500,56.5724,56.1144,55.7084,55.3566,54.8294,54.9490,55.2050,55.3436,55.5386,55.9956,56.3032,56.2060,56.2688,56.2490,56.0790,55.7866,55.8670
54.6254,54.7496,54.6658,54.7140,55.0074,55.1300,55.1686,55.2254,55.0566,54.6476,54.4032,54.3218,54.4044,54.4790,54.6776,55.0084,55.2642,55.5838,56.0042,56.2502,55.8538,55.3498,54.8928,54.4870,53.9494,54.0312,54.2460,54.3660,54.4612,54.8280,55.1280,55.1406,55.1878,55.1540,55.0088,54.7808,54.7626
54.1268,54.1816,54.0302,54.0308,54.3134,54.4176,54.5078,54.6578,54.5356,54.1402,53.9270,53.8062,53.8102,53.9144,54.1256,54.4014,54.6712,55.0438,55.4528,55.6532,55.2666,54.7418,54.2536,53.8112,53.3238,53.3448,53.5004,53.5988,53.6034,53.8562,54.1374,54.2752,54.3292,54.3224,54.2510,54.1404,54.0450
53.6416,53.6282,53.4374,53.3906,53.6006,53.6552,53.7574,53.9398,53.8482,53.5122,53.3428,53.1986,53.1466,53.2952,53.5298,53.7686,54.0690,54.4806,54.8400,54.9598,54.6020,54.0714,53.5684,53.1132,52.7232,52.6770,52.7686,52.8404,52.7710,52.9084,53.1664,53.4244,53.5084,53.5638,53.5948,53.6272,53.4886
53.4118,53.3352,53.1384,53.0498,53.1340,53.1162,53.1974,53.3470,53.2674,53.0296,52.9138,52.7678,52.6890,52.8898,53.1538,53.3782,53.7278,54.1680,54.4508,54.4714,54.1516,53.6158,53.1066,52.6648,52.4032,52.2926,52.3256,52.3704,52.2494,52.2872,52.5252,52.8874,53.0226,53.1676,53.3136,53.4944,53.3514
53.1470,53.0202,52.8488,52.7308,52.6668,52.5696,52.6094,52.6736,52.5872,52.4586,52.3964,52.2674,52.1884,52.4348,52.7282,52.9586,53.3708,53.8306,54.0306,53.9574,53.6740,53.1198,52.6044,52.1978,52.0632,51.9002,51.8948,51.9230,51.7780,51.7524,51.9804,52.4166,52.6140,52.8570,53.1058,53.4128,53.2994
53.0064,52.8418,52.7236,52.5900,52.3670,52.1836,52.1682,52.1032,51.9906,51.9676,51.9580,51.8590,51.7960,52.0746,52.3970,52.6480,53.1360,53.6116,53.7336,53.5770,53.3254,52.7300,52.1986,51.8418,51.8192,51.6128,51.5928,51.6244,51.4814,51.4310,51.6620,52.1450,52.4112,52.7530,53.0870,53.4936,53.4354
52.8366,52.6536,52.5990,52.4674,52.1162,51.8562,51.7846,51.5834,51.4284,51.4740,51.5046,51.4358,51.3916,51.6810,52.0284,52.3050,52.8646,53.3536,53.4250,53.2142,52.9824,52.3288,51.7660,51.4528,51.4934,51.2564,51.2480,51.3090,51.1916,51.1584,51.4046,51.9046,52.2276,52.6408,53.0220,53.4806,53.4796
52.9702,52.7866,52.8018,52.6888,52.2386,51.9042,51.7710,51.4296,51.2122,51.2872,51.3474,51.3052,51.2760,51.5594,51.9310,52.2382,52.8656,53.3710,53.4194,53.1804,52.9552,52.2266,51.6090,51.3232,51.3746,51.1140,51.1406,51.2600,51.1904,51.2110,51.4830,51.9782,52.3456,52.7998,53.1922,53.6588,53.7066
53.1016,52.9356,53.0126,52.9316,52.4262,52.0272,51.8314,51.3692,51.0762,51.1352,51.2102,51.1836,51.1614,51.4276,51.8216,52.1632,52.8468,53.3732,53.4290,53.1912,52.9550,52.1466,51.4534,51.1664,51.1724,50.8960,50.9726,51.1716,51.1646,51.2628,51.5646,52.0396,52.4314,52.8882,53.2568,53.6906,53.7656
53.3736,53.2420,53.3710,53.3332,52.8118,52.3544,52.0910,51.5270,51.1450,51.1476,51.2248,51.2032,51.1804,51.4246,51.8406,52.2258,52.9580,53.5130,53.6010,53.3904,53.1222,52.2306,51.4400,51.1216,51.0320,50.7450,50.8812,51.1772,51.2456,51.4368,51.7692,52.2140,52.6122,53.0378,53.3548,53.7236,53.8030
53.6430,53.5590,53.7264,53.7384,53.2374,52.7298,52.3962,51.7548,51.2776,51.1920,51.2604,51.2330,51.2036,51.4264,51.8630,52.3030,53.0786,53.6690,53.8070,53.6446,53.3230,52.3496,51.4476,51.0700,50.8476,50.5548,50.7528,51.1528,51.3030,51.5914,51.9506,52.3602,52.7490,53.1172,53.3650,53.6494,53.7128
53.8558,53.8278,54.0208,54.0844,53.6322,53.0844,52.6810,51.9860,51.4150,51.2212,51.2724,51.2312,51.1916,51.3962,51.8508,52.3568,53.1736,53.8040,54.0020,53.9028,53.5098,52.4588,51.4402,50.9846,50.6084,50.3130,50.5686,51.0708,51.3020,51.6822,52.0622,52.4356,52.8028,53.0984,53.2702,53.4630,53.4962
54.0540,54.0864,54.2934,54.4074,54.0246,53.4462,52.9756,52.2486,51.5902,51.2784,51.3068,51.2464,51.1946,51.3846,51.8538,52.4346,53.2922,53.9642,54.2254,54.1978,53.7206,52.5976,51.4646,50.9210,50.3836,50.0882,50.3942,50.9912,51.2988,51.7606,52.1542,52.4918,52.8294,53.0460,53.1418,53.2440,53.2390
54.3192,54.4116,54.6232,54.7828,54.4810,53.8824,53.3508,52.6102,51.8760,51.4468,51.4494,51.3674,51.3030,51.4816,51.9610,52.6204,53.5176,54.2296,54.5522,54.5986,54.0322,52.8450,51.6070,50.9742,50.2810,49.9874,50.3342,51.0140,51.3892,51.9186,52.3190,52.6230,52.9260,53.0642,53.0896,53.1078,53.0620
54.5420,54.6902,54.9000,55.0986,54.8812,54.2728,53.6898,52.9510,52.1570,51.6204,51.5970,51.4934,51.4166,51.5854,52.0700,52.8048,53.7380,54.4846,54.8624,54.9790,54.3264,53.0860,51.7594,51.0444,50.2116,49.9210,50.2984,51.0456,51.4766,52.0582,52.4592,52.7324,52.9992,53.0656,53.0298,52.9752,52.8904
54.8038,55.0008,55.2038,55.4336,55.2976,54.6888,54.0652,53.3400,52.5026,51.8734,51.8252,51.7018,51.6136,51.7738,52.2590,53.0612,54.0242,54.7982,55.2224,55.4020,54.6728,53.3922,51.9958,51.2106,50.2598,49.9728,50.3710,51.1698,51.6438,52.2626,52.6590,52.9042,53.1356,53.1394,53.0524,52.9370,52.8174
55.0262,55.2654,55.4590,55.7132,55.6538,55.0530,54.3994,53.6972,52.8320,52.1262,52.0548,51.9138,51.8148,51.9660,52.4470,53.3062,54.2918,55.0852,55.5480,55.7826,54.9884,53.6806,52.2332,51.3900,50.3424,50.0600,50.4706,51.3070,51.8128,52.4560,52.8438,53.0632,53.2600,53.2096,53.0804,52.9144,52.7646
55.2118,55.4844,55.6666,55.9376,55.9448,55.3588,54.6864,54.0138,53.1362,52.3732,52.2816,52.1264,52.0180,52.1598,52.6326,53.5342,54.5328,55.3364,55.8280,56.1066,55.2640,53.9438,52.4656,51.5798,50.4602,50.1828,50.5976,51.4572,51.9830,52.6386,53.0148,53.2114,53.3768,53.2826,53.1210,52.9156,52.7416
55.3766,55.6748,55.8446,56.1262,56.1910,55.6254,54.9444,54.3066,53.4296,52.6262,52.5172,52.3506,52.2336,52.3650,52.8260,53.7564,54.7588,55.5642,56.0766,56.3898,55.5140,54.1946,52.7032,51.7882,50.6180,50.3460,50.7588,51.6300,52.1662,52.8244,53.1868,53.3626,53.4986,53.3688,53.1820,52.9454,52.7518
55.6152,55.9316,56.0892,56.3760,56.4876,55.9464,55.2652,54.6640,53.7982,52.9708,52.8474,52.6730,52.5488,52.6694,53.1162,54.0612,55.0582,55.8578,56.3826,56.7206,55.8274,54.5208,53.0326,52.1018,50.9012,50.6344,51.0400,51.9120,52.4502,53.1032,53.4508,53.6084,53.7184,53.5616,53.3570,53.0978,52.8898
55.8418,56.1704,56.3156,56.6032,56.7530,56.2396,55.5656,55.0038,54.1586,53.3210,53.1858,53.0060,52.8754,52.9838,53.4138,54.3614,55.3450,56.1318,56.6630,57.0178,56.1202,54.8372,53.3660,52.4302,51.2158,50.9548,51.3490,52.2132,52.7464,53.3878,53.7192,53.8598,53.9462,53.7684,53.5510,53.2750,53.0564
56.1632,56.4986,56.6322,56.9170,57.0964,56.6122,55.9510,55.4282,54.6100,53.7734,53.6286,53.4456,53.3096,53.4056,53.8178,54.7578,55.7216,56.4908,57.0228,57.3872,56.4966,55.2452,53.8016,52.8702,51.6562,51.4010,51.7810,52.6308,53.1534,53.7784,54.0936,54.2192,54.2848,54.0922,53.8670,53.5798,53.3544
56.4702,56.8080,56.9302,57.2092,57.4118,56.9586,56.3154,55.8328,55.0478,54.2216,54.0694,53.8854,53.7448,53.8276,54.2206,55.1438,56.0812,56.8276,57.3558,57.7240,56.8504,55.6384,54.2326,53.3136,52.1118,51.8624,52.2254,53.0544,53.5618,54.1658,54.4642,54.5760,54.6226,54.4194,54.1900,53.8956,53.6660
57.1432,57.4800,57.5920,57.8636,58.0820,57.6586,57.0354,56.5898,55.8392,55.0302,54.8726,54.6892,54.5452,54.6156,54.9896,55.8904,56.7988,57.5206,58.0416,58.4088,57.5582,56.3884,55.0250,54.1236,52.9420,52.6984,53.0440,53.8494,54.3394,54.9214,55.2042,55.3038,55.3342,55.1246,54.8938,54.5956,54.3644
57.7946,58.1274,58.2294,58.4918,58.7220,58.3300,57.7310,57.3238,56.6124,55.8270,55.6654,55.4840,55.3370,55.3942,55.7480,56.6196,57.4936,58.1868,58.6972,59.0594,58.2392,57.1182,55.8052,54.9276,53.7750,53.5374,53.8632,54.6400,55.1088,55.6652,55.9316,56.0198,56.0354,55.8222,55.5926,55.2936,55.0628
58.6466,58.9734,59.0664,59.3186,59.5560,59.1934,58.6188,58.2466,57.5740,56.8152,56.6510,56.4728,56.3240,56.3692,56.7038,57.5438,58.3826,59.0468,59.5446,59.8990,59.1118,58.0400,56.7790,55.9280,54.8086,54.5768,54.8834,55.6304,56.0774,56.6082,56.8594,56.9374,56.9404,56.7264,56.4996,56.2020,55.9732
59.4980,59.8170,59.9016,60.1432,60.3842,60.0496,59.5004,59.1610,58.5268,57.7972,57.6320,57.4576,57.3080,57.3418,57.6576,58.4636,59.2662,59.9004,60.3842,60.7288,59.9768,58.9550,57.7480,56.9260,55.8436,55.6178,55.9054,56.6216,57.0460,57.5508,57.7876,57.8566,57.8486,57.6358,57.4130,57.1184,56.8926
60.4340,60.7438,60.8206,61.0508,61.2924,60.9858,60.4634,60.1562,59.5622,58.8654,58.7000,58.5306,58.3810,58.4038,58.7004,59.4692,60.2330,60.8356,61.3030,61.6356,60.9222,59.9534,58.8044,58.0150,56.9742,56.7550,57.0228,57.7054,58.1058,58.5832,58.8054,58.8660,58.8482,58.6382,58.4212,58.1316,57.9104
61.3850,61.6846,61.7542,61.9732,62.2130,61.9318,61.4358,61.1578,60.6014,59.9370,59.7726,59.6082,59.4592,59.4726,59.7514,60.4834,61.2094,61.7812,62.2316,62.5514,61.8758,60.9582,59.8660,59.1094,58.1108,57.8980,58.1474,58.7972,59.1744,59.6256,59.8344,59.8874,59.8616,59.6558,59.4452,59.1618,58.9460
62.4360,62.7242,62.7872,62.9944,63.2302,62.9734,62.5042,62.2534,61.7346,61.1042,60.9414,60.7828,60.6356,60.6402,60.9014,61.5956,62.2834,62.8240,63.2564,63.5624,62.9258,62.0594,61.0248,60.3024,59.3482,59.1418,59.3732,59.9894,60.3434,60.7684,60.9644,61.0104,60.9778,60.7770,60.5732,60.2968,60.0870
63.4990,63.7756,63.8326,64.0286,64.2590,64.0248,63.5818,63.3562,62.8732,62.2766,62.1166,61.9640,61.8192,61.8160,62.0604,62.7168,63.3668,63.8768,64.2906,64.5822,63.9838,63.1678,62.1902,61.5026,60.5934,60.3940,60.6080,61.1910,61.5222,61.9216,62.1054,62.1454,62.1070,61.9120,61.7158,61.4474,61.2442
64.7356,65.0000,65.0514,65.2362,65.4602,65.2470,64.8298,64.6272,64.1784,63.6150,63.4582,63.3116,63.1698,63.1600,63.3884,64.0080,64.6212,65.1014,65.4962,65.7734,65.2122,64.4450,63.5230,62.8698,62.0054,61.8130,62.0106,62.5612,62.8706,63.2454,63.4174,63.4518,63.4088,63.2202,63.0318,62.7722,62.5762
65.9746,66.2270,66.2736,66.4476,66.6640,66.4702,66.0778,65.8962,65.4800,64.9494,64.7966,64.6562,64.5180,64.5024,64.7156,65.2990,65.8762,66.3274,66.7032,66.9658,66.4408,65.7212,64.8536,64.2348,63.4150,63.2296,63.4116,63.9302,64.2184,64.5694,64.7306,64.7600,64.7132,64.5316,64.3512,64.1006,63.9120
67.4664,67.7066,67.7486,67.9122,68.1206,67.9448,67.5766,67.4144,67.0290,66.5302,66.3816,66.2476,66.1134,66.0930,66.2918,66.8402,67.3824,67.8054,68.1622,68.4104,67.9202,67.2464,66.4320,65.8472,65.0714,64.8932,65.0604,65.5478,65.8156,66.1440,66.2948,66.3200,66.2704,66.0962,65.9238,65.6828,65.5018
68.9532,69.1812,69.2190,69.3724,69.5724,69.4130,69.0678,68.9230,68.5664,68.0978,67.9538,67.8262,67.6964,67.6722,67.8574,68.3724,68.8812,69.2774,69.6154,69.8498,69.3924,68.7620,67.9980,67.4462,66.7132,66.5422,66.6960,67.1538,67.4024,67.7090,67.8504,67.8716,67.8198,67.6530,67.4888,67.2574,67.0842
70.7036,70.9198,70.9540,71.0980,71.2892,71.1444,70.8212,70.6920,70.3622,69.9228,69.7838,69.6624,69.5372,69.5098,69.6822,70.1652,70.6422,71.0128,71.3326,71.5536,71.1274,70.5382,69.8226,69.3024,68.6106,68.4468,68.5880,69.0174,69.2482,69.5344,69.6668,69.6846,69.6314,69.4722,69.3160,69.0944,68.9290
72.4570,72.6612,72.6918,72.8264,73.0086,72.8776,72.5756,72.4606,72.1562,71.7450,71.6112,71.4960,71.3760,71.3462,71.5064,71.9584,72.4046,72.7504,73.0520,73.2596,72.8634,72.3140,71.6452,71.1564,70.5054,70.3488,70.4784,70.8802,71.0940,71.3606,71.4844,71.4990,71.4450,71.2932,71.1452,70.9338,70.7764
74.2638,74.4566,74.4842,74.6102,74.7836,74.6650,74.3830,74.2804,73.9992,73.6144,73.4860,73.3768,73.2622,73.2310,73.3802,73.8030,74.2204,74.5430,74.8272,75.0222,74.6540,74.1418,73.5168,73.0574,72.4450,72.2956,72.4142,72.7904,72.9884,73.2368,73.3526,73.3646,73.3102,73.1660,73.0258,72.8244,72.6750
76.0744,76.2560,76.2808,76.3984,76.5624,76.4550,76.1922,76.1010,75.8418,75.4826,75.3598,75.2564,75.1470,75.1146,75.2532,75.6480,76.0374,76.3378,76.6048,76.7874,76.4456,75.9690,75.3862,74.9560,74.3814,74.2394,74.3482,74.6994,74.8824,75.1136,75.2218,75.2316,75.1776,75.0410,74.9086,74.7174,74.5758
77.8488,78.0196,78.0420,78.1518,78.3070,78.2098,77.9648,77.8834,77.6442,77.3090,77.1918,77.0944,76.9904,76.9574,77.0860,77.4546,77.8180,78.0978,78.3486,78.5198,78.2024,77.7586,77.2150,76.8118,76.2728,76.1380,76.2380,76.5660,76.7356,76.9508,77.0520,77.0596,77.0064,76.8770,76.7520,76.5706,76.4368
79.6360,79.7964,79.8166,79.9190,80.0650,79.9768,79.7488,79.6760,79.4554,79.1434,79.0320,78.9402,78.8418,78.8088,78.9280,79.2714,79.6100,79.8702,80.1050,80.2650,79.9710,79.5586,79.0528,78.6762,78.1720,78.0446,78.1362,78.4418,78.5984,78.7982,78.8924,78.8984,78.8462,78.7242,78.6066,78.4352,78.3090
81.3572,81.5078,81.5262,81.6216,81.7590,81.6788,81.4664,81.4012,81.1976,80.9068,80.8012,80.7148,80.6218,80.5892,80.7000,81.0202,81.3358,81.5778,81.7978,81.9472,81.6744,81.2910,80.8198,80.4676,79.9958,79.8754,79.9594,80.2444,80.3894,80.5754,80.6634,80.6680,80.6174,80.5024,80.3916,80.2296,80.1108
83.0896,83.2304,83.2470,83.3358,83.4646,83.3920,83.1950,83.1368,82.9494,82.6794,82.5796,82.4986,82.4110,82.3788,82.4814,82.7788,83.0720,83.2964,83.5018,83.6410,83.3888,83.0334,82.5962,82.2684,81.8286,81.7152,81.7922,82.0570,82.1906,82.3628,82.4448,82.4482,82.3992,82.2914,82.1878,82.0356,81.9242
84.7382,84.8700,84.8850,84.9676,85.0884,85.0222,84.8388,84.7864,84.6132,84.3616,84.2672,84.1912,84.1088,84.0776,84.1730,84.4504,84.7236,84.9324,85.1244,85.2542,85.0202,84.6896,84.2824,83.9762,83.5652,83.4582,83.5292,83.7760,83.8998,84.0600,84.1366,84.1390,84.0920,83.9906,83.8932,83.7496,83.6448
86.3982,86.5218,86.5356,86.6126,86.7258,86.6654,86.4946,86.4474,86.2874,86.0534,85.9644,85.8930,85.8154,85.7850,85.8736,86.1320,86.3866,86.5808,86.7604,86.8814,86.6644,86.3572,85.9782,85.6924,85.3088,85.2082,85.2734,85.5034,85.6182,85.7672,85.8386,85.8402,85.7950,85.6998,85.6086,85.4738,85.3758
87.9594,88.0744,88.0868,88.1580,88.2634,88.2086,88.0504,88.0080,87.8608,87.6442,87.5608,87.4944,87.4220,87.3930,87.4748,87.7142,87.9500,88.1296,88.2964,88.4086,88.2082,87.9240,87.5732,87.3082,86.9520,86.8580,86.9180,87.1312,87.2368,87.3746,87.4410,87.4418,87.3988,87.3102,87.2252,87.0990,87.0076
89.5354,89.6426,89.6540,89.7202,89.8186,89.7684,89.6216,89.5832,89.4470,89.2456,89.1672,89.1050,89.0370,89.0092,89.0852,89.3082,89.5276,89.6944,89.8500,89.9546,89.7686,89.5046,89.1786,88.9318,88.5998,88.5118,88.5672,88.7656,88.8634,88.9916,89.0534,89.0536,89.0126,88.9296,88.8500,88.7318,88.6464
91.0220,91.1220,91.1324,91.1938,91.2852,91.2394,91.1032,91.0684,90.9430,90.7568,90.6834,90.6254,90.5620,90.5354,90.6056,90.8122,91.0156,91.1702,91.3148,91.4118,91.2402,90.9960,90.6940,90.4650,90.1568,90.0744,90.1252,90.3092,90.3996,90.5182,90.5758,90.5758,90.5370,90.4596,90.3856,90.2752,90.1956
92.5220,92.6152,92.6248,92.6818,92.7670,92.7250,92.5986,92.5670,92.4512,92.2782,92.2096,92.1554,92.0960,92.0706,92.1358,92.3278,92.5170,92.6606,92.7954,92.8856,92.7266,92.4998,92.2194,92.0064,91.7196,91.6426,91.6896,91.8606,91.9442,92.0546,92.1082,92.1078,92.0712,91.9992,91.9300,91.8268,91.7526
93.9536,94.0404,94.0492,94.1022,94.1814,94.1430,94.0258,93.9970,93.8900,93.7298,93.6656,93.6152,93.5600,93.5358,93.5960,93.7742,93.9498,94.0828,94.2082,94.2920,94.1448,93.9346,93.6746,93.4768,93.2106,93.1390,93.1824,93.3412,93.4188,93.5210,93.5706,93.5698,93.5352,93.4680,93.4036,93.3074,93.2384
95.3974,95.4782,95.4864,95.5356,95.6092,95.5740,95.4654,95.4392,95.3402,95.1918,95.1318,95.0846,95.0330,95.0104,95.0662,95.2316,95.3946,95.5180,95.6344,95.7120,95.5758,95.3812,95.1402,94.9568,94.7098,94.6430,94.6830,94.8304,94.9020,94.9968,95.0430,95.0420,95.0094,94.9470,94.8870,94.7972,94.7330
96.8034,96.8786,96.8860,96.9314,96.9996,96.9674,96.8666,96.8426,96.7514,96.6140,96.5580,96.5142,96.4664,96.4448,96.4964,96.6500,96.8012,96.9156,97.0240,97.0960,96.9700,96.7896,96.5660,96.3956,96.1664,96.1040,96.1410,96.2778,96.3442,96.4322,96.4752,96.4738,96.4432,96.3852,96.3294,96.2458,96.1864
98.2110,98.2808,98.2876,98.3298,98.3932,98.3634,98.2700,98.2480,98.1636,98.0362,97.9840,97.9432,97.8988,97.8784,97.9264,98.0690,98.2094,98.3154,98.4160,98.4826,98.3660,98.1988,97.9916,97.8338,97.6214,97.5634,97.5976,97.7246,97.7860,97.8676,97.9076,97.9062,97.8774,97.8234,97.7714,97.6934,97.6382
99.6100,99.6750,99.6814,99.7204,99.7788,99.7514,99.6648,99.6446,99.5668,99.4492,99.4006,99.3626,99.3212,99.3020,99.3464,99.4794,99.6096,99.7078,99.8012,99.8628,99.7542,99.5994,99.4076,99.2612,99.0644,99.0106,99.0422,99.1600,99.2170,99.2926,99.3296,99.3282,99.3012,99.2510,99.2028,99.1304,99.0792
101.010,101.070,101.076,101.112,101.166,101.140,101.060,101.042,100.970,100.862,100.816,100.782,100.744,100.726,100.766,100.890,101.010,101.100,101.188,101.246,101.146,101.002,100.824,100.688,100.506,100.456,100.486,100.596,100.648,100.718,100.752,100.750,100.724,100.678,100.632,100.564,100.516
102.434,102.490,102.494,102.526,102.576,102.552,102.478,102.462,102.396,102.296,102.254,102.220,102.184,102.168,102.206,102.320,102.432,102.516,102.596,102.648,102.556,102.424,102.260,102.134,101.966,101.920,101.946,102.048,102.098,102.162,102.194,102.192,102.168,102.124,102.084,102.022,101.980
103.854,103.906,103.912,103.944,103.992,103.970,103.902,103.886,103.824,103.730,103.690,103.660,103.626,103.610,103.644,103.750,103.854,103.934,104.010,104.060,103.974,103.850,103.696,103.578,103.422,103.380,103.406,103.500,103.546,103.606,103.636,103.634,103.612,103.572,103.534,103.476,103.436
105.310,105.358,105.362,105.392,105.434,105.416,105.352,105.338,105.280,105.194,105.156,105.128,105.098,105.084,105.116,105.214,105.310,105.382,105.450,105.496,105.418,105.304,105.162,105.054,104.908,104.868,104.892,104.980,105.022,105.078,105.104,105.102,105.082,105.046,105.010,104.956,104.918
106.776,106.820,106.824,106.850,106.890,106.872,106.814,106.802,106.750,106.670,106.636,106.610,106.580,106.566,106.596,106.688,106.776,106.844,106.908,106.950,106.876,106.772,106.640,106.540,106.406,106.368,106.388,106.470,106.510,106.562,106.588,106.588,106.568,106.532,106.498,106.448,106.412
108.272,108.314,108.318,108.342,108.380,108.364,108.308,108.296,108.248,108.174,108.142,108.118,108.092,108.080,108.108,108.192,108.276,108.338,108.396,108.434,108.366,108.268,108.146,108.054,107.930,107.896,107.916,107.992,108.028,108.076,108.100,108.098,108.080,108.048,108.018,107.972,107.940
109.770,109.808,109.812,109.834,109.868,109.854,109.804,109.792,109.748,109.680,109.650,109.628,109.604,109.592,109.618,109.696,109.772,109.830,109.884,109.920,109.858,109.768,109.656,109.572,109.456,109.424,109.442,109.510,109.542,109.588,109.610,109.608,109.592,109.564,109.534,109.490,109.460
111.310,111.346,111.350,111.372,111.404,111.390,111.344,111.334,111.292,111.228,111.200,111.178,111.154,111.142,111.166,111.238,111.310,111.364,111.416,111.450,111.392,111.308,111.204,111.124,111.016,110.986,111.002,111.066,111.098,111.140,111.162,111.160,111.144,111.116,111.090,111.050,111.024
112.838,112.872,112.876,112.896,112.924,112.912,112.868,112.858,112.820,112.762,112.736,112.716,112.696,112.686,112.708,112.776,112.842,112.890,112.936,112.966,112.912,112.836,112.740,112.668,112.570,112.542,112.556,112.616,112.644,112.682,112.702,112.702,112.688,112.662,112.638,112.600,112.574
114.414,114.444,114.446,114.464,114.490,114.478,114.438,114.430,114.394,114.340,114.316,114.298,114.278,114.268,114.288,114.350,114.410,114.456,114.500,114.530,114.480,114.408,114.318,114.250,114.158,114.134,114.150,114.206,114.232,114.266,114.282,114.280,114.266,114.242,114.220,114.186,114.162
115.994,116.022,116.024,116.040,116.064,116.052,116.014,116.006,115.974,115.924,115.902,115.886,115.868,115.858,115.878,115.936,115.992,116.034,116.076,116.102,116.056,115.990,115.908,115.844,115.758,115.734,115.748,115.800,115.824,115.858,115.874,115.872,115.858,115.836,115.814,115.782,115.760
117.582,117.608,117.610,117.626,117.648,117.638,117.604,117.598,117.568,117.522,117.502,117.486,117.468,117.460,117.478,117.532,117.586,117.626,117.662,117.686,117.642,117.580,117.504,117.446,117.368,117.346,117.358,117.404,117.426,117.456,117.472,117.470,117.460,117.440,117.420,117.390,117.370
119.188,119.212,119.214,119.228,119.250,119.240,119.208,119.200,119.172,119.128,119.110,119.096,119.080,119.072,119.088,119.138,119.186,119.224,119.258,119.282,119.242,119.184,119.112,119.058,118.984,118.964,118.976,119.020,119.042,119.070,119.084,119.084,119.074,119.054,119.036,119.008,118.988
120.798,120.820,120.822,120.836,120.856,120.848,120.818,120.812,120.786,120.746,120.728,120.716,120.702,120.694,120.710,120.756,120.800,120.832,120.864,120.884,120.848,120.796,120.732,120.682,120.614,120.594,120.604,120.644,120.664,120.690,120.704,120.704,120.694,120.676,120.660,120.634,120.616
122.418,122.440,122.442,122.456,122.474,122.466,122.438,122.432,122.408,122.372,122.356,122.344,122.332,122.324,122.338,122.380,122.422,122.452,122.482,122.502,122.468,122.418,122.358,122.312,122.250,122.234,122.244,122.282,122.300,122.324,122.336,122.336,122.326,122.310,122.294,122.270,122.254
124.046,124.066,124.068,124.080,124.096,124.088,124.062,124.056,124.032,123.998,123.984,123.972,123.960,123.954,123.966,124.006,124.046,124.074,124.102,124.120,124.088,124.042,123.986,123.944,123.888,123.872,123.880,123.916,123.932,123.954,123.964,123.964,123.954,123.940,123.926,123.906,123.892
125.682,125.700,125.700,125.710,125.726,125.720,125.696,125.692,125.670,125.638,125.624,125.612,125.600,125.596,125.608,125.644,125.680,125.708,125.732,125.748,125.720,125.678,125.624,125.586,125.534,125.518,125.528,125.562,125.576,125.596,125.606,125.604,125.596,125.582,125.568,125.548,125.534
127.314,127.332,127.334,127.344,127.360,127.352,127.330,127.326,127.306,127.276,127.264,127.254,127.242,127.238,127.250,127.284,127.316,127.342,127.366,127.380,127.352,127.314,127.264,127.226,127.176,127.162,127.170,127.200,127.214,127.234,127.244,127.242,127.236,127.224,127.212,127.194,127.182
128.952,128.968,128.968,128.976,128.990,128.984,128.962,128.958,128.940,128.912,128.900,128.892,128.882,128.878,128.888,128.920,128.950,128.974,128.996,129.010,128.984,128.948,128.902,128.868,128.822,128.810,128.818,128.846,128.858,128.876,128.884,128.882,128.876,128.866,128.854,128.836,128.824
130.592,130.608,130.610,130.620,130.634,130.630,130.610,130.606,130.588,130.562,130.550,130.542,130.532,130.528,130.538,130.566,130.594,130.616,130.636,130.648,130.626,130.594,130.552,130.520,130.478,130.466,130.472,130.498,130.512,130.528,130.536,130.536,130.530,130.518,130.508,130.492,130.480
132.232,132.246,132.248,132.256,132.268,132.262,132.244,132.240,132.224,132.200,132.190,132.182,132.174,132.170,132.178,132.204,132.230,132.248,132.268,132.282,132.262,132.232,132.194,132.164,132.124,132.112,132.118,132.142,132.154,132.168,132.176,132.176,132.170,132.160,132.152,132.138,132.128
133.878,133.890,133.890,133.896,133.908,133.904,133.888,133.886,133.872,133.850,133.840,133.832,133.824,133.820,133.828,133.852,133.876,133.894,133.912,133.924,133.906,133.878,133.842,133.816,133.780,133.768,133.774,133.796,133.806,133.820,133.828,133.828,133.822,133.812,133.802,133.788,133.778
135.528,135.538,135.538,135.544,135.554,135.548,135.534,135.532,135.518,135.498,135.490,135.482,135.474,135.470,135.478,135.502,135.526,135.542,135.560,135.570,135.550,135.522,135.490,135.464,135.430,135.422,135.428,135.448,135.458,135.472,135.478,135.478,135.474,135.464,135.454,135.440,135.430
137.170,137.182,137.184,137.190,137.198,137.194,137.180,137.176,137.164,137.146,137.138,137.132,137.126,137.124,137.132,137.154,137.174,137.190,137.204,137.212,137.194,137.170,137.138,137.114,137.084,137.076,137.080,137.100,137.110,137.122,137.128,137.128,137.124,137.116,137.108,137.096,137.088
138.826,138.834,138.834,138.838,138.846,138.842,138.830,138.826,138.816,138.798,138.790,138.784,138.778,138.774,138.780,138.800,138.818,138.832,138.846,138.856,138.840,138.818,138.790,138.768,138.738,138.730,138.734,138.752,138.760,138.772,138.776,138.776,138.772,138.764,138.756,138.746,138.738
140.468,140.476,140.476,140.480,140.488,140.484,140.472,140.470,140.462,140.446,140.438,140.434,140.428,140.424,140.430,140.448,140.466,140.480,140.492,140.500,140.486,140.464,140.438,140.418,140.392,140.384,140.388,140.404,140.412,140.422,140.426,140.426,140.422,140.416,140.408,140.398,140.390
142.116,142.124,142.124,142.128,142.136,142.134,142.122,142.120,142.112,142.096,142.088,142.084,142.078,142.074,142.080,142.098,142.114,142.126,142.138,142.146,142.132,142.114,142.090,142.072,142.046,142.038,142.040,142.056,142.062,142.072,142.076,142.078,142.074,142.068,142.062,142.054,142.046
143.766,143.774,143.774,143.778,143.784,143.780,143.768,143.766,143.758,143.744,143.738,143.734,143.728,143.724,143.730,143.746,143.762,143.774,143.784,143.790,143.778,143.760,143.738,143.722,143.700,143.692,143.694,143.708,143.714,143.722,143.726,143.728,143.724,143.718,143.712,143.704,143.696
145.416,145.422,145.422,145.424,145.428,145.424,145.414,145.412,145.406,145.394,145.388,145.384,145.378,145.374,145.380,145.396,145.410,145.422,145.432,145.438,145.426,145.410,145.388,145.372,145.350,145.344,145.348,145.362,145.370,145.378,145.382,145.382,145.378,145.372,145.368,145.360,145.354
147.056,147.064,147.066,147.070,147.076,147.074,147.064,147.060,147.052,147.040,147.034,147.030,147.026,147.024,147.028,147.042,147.056,147.066,147.076,147.084,147.074,147.058,147.040,147.026,147.006,147.000,147.004,147.016,147.022,147.028,147.032,147.030,147.026,147.020,147.016,147.008,147.004
148.706,148.712,148.712,148.716,148.722,148.720,148.712,148.710,148.702,148.690,148.684,148.682,148.680,148.678,148.682,148.696,148.708,148.716,148.726,148.734,148.724,148.710,148.692,148.678,148.658,148.652,148.654,148.666,148.672,148.680,148.684,148.682,148.678,148.672,148.666,148.658,148.654
150.354,150.360,150.360,150.364,150.368,150.366,150.358,150.356,150.348,150.338,150.334,150.332,150.330,150.328,150.332,150.344,150.354,150.362,150.372,150.378,150.370,150.358,150.342,150.330,150.312,150.306,150.308,150.318,150.322,150.330,150.334,150.332,150.328,150.322,150.316,150.308,150.304
152.002,152.006,152.006,152.008,152.014,152.012,152.006,152.004,151.998,151.988,151.984,151.982,151.980,151.978,151.982,151.994,152.004,152.012,152.022,152.028,152.020,152.008,151.992,151.980,151.964,151.958,151.960,151.970,151.974,151.980,151.984,151.982,151.978,151.974,151.970,151.964,151.962
153.652,153.656,153.656,153.658,153.664,153.662,153.656,153.656,153.650,153.640,153.636,153.634,153.630,153.630,153.634,153.644,153.654,153.662,153.668,153.674,153.666,153.654,153.638,153.628,153.612,153.608,153.610,153.620,153.624,153.630,153.634,153.634,153.630,153.626,153.622,153.616,153.612
155.302,155.306,155.306,155.308,155.312,155.310,155.304,155.302,155.296,155.288,155.284,155.282,155.280,155.280,155.284,155.294,155.302,155.308,155.314,155.318,155.310,155.300,155.288,155.278,155.264,155.260,155.262,155.270,155.274,155.280,155.284,155.284,155.280,155.276,155.272,155.266,155.262
156.952,156.954,156.954,156.956,156.960,156.958,156.954,156.952,156.948,156.940,156.936,156.934,156.932,156.930,156.934,156.942,156.950,156.956,156.962,156.966,156.960,156.950,156.938,156.928,156.914,156.910,156.912,156.920,156.924,156.928,156.930,156.930,156.928,156.924,156.922,156.918,156.914
158.600,158.602,158.600,158.602,158.606,158.606,158.602,158.602,158.598,158.590,158.586,158.584,158.582,158.580,158.584,158.592,158.600,158.606,158.612,158.614,158.608,158.598,158.586,158.576,158.566,158.562,158.564,158.572,158.576,158.578,158.580,158.580,158.578,158.574,158.572,158.568,158.564
160.244,160.248,160.250,160.252,160.254,160.252,160.248,160.246,160.242,160.236,160.234,160.232,160.230,160.230,160.232,160.240,160.246,160.250,160.254,160.258,160.252,160.244,160.234,160.226,160.216,160.212,160.214,160.220,160.224,160.226,160.228,160.228,160.228,160.226,160.224,160.220,160.216
161.894,161.898,161.900,161.902,161.904,161.902,161.898,161.896,161.892,161.886,161.884,161.882,161.880,161.880,161.882,161.888,161.894,161.898,161.902,161.904,161.900,161.892,161.884,161.876,161.868,161.864,161.866,161.870,161.874,161.878,161.880,161.880,161.880,161.878,161.876,161.874,161.872
163.544,163.548,163.548,163.550,163.550,163.548,163.542,163.542,163.538,163.534,163.532,163.532,163.530,163.530,163.532,163.538,163.544,163.548,163.552,163.554,163.550,163.542,163.534,163.528,163.520,163.516,163.518,163.522,163.524,163.528,163.530,163.530,163.530,163.528,163.526,163.524,163.522
165.192,165.194,165.194,165.196,165.198,165.196,165.192,165.192,165.188,165.184,165.182,165.182,165.180,165.180,165.182,165.188,165.194,165.198,165.202,165.204,165.200,165.192,165.184,165.178,165.170,165.168,165.170,165.174,165.176,165.180,165.180,165.180,165.180,165.178,165.176,165.174,165.172
166.842,166.844,166.844,166.846,166.848,166.846,166.842,166.842,166.838,166.834,166.832,166.832,166.830,166.830,166.832,166.838,166.842,166.846,166.848,166.850,166.846,166.840,166.832,166.828,166.820,166.818,166.820,166.824,166.826,166.830,166.830,166.830,166.830,166.828,166.826,166.824,166.822
168.492,168.494,168.494,168.496,168.498,168.496,168.492,168.490,168.486,168.482,168.480,168.480,168.480,168.480,168.482,168.488,168.492,168.494,168.496,168.498,168.494,168.488,168.482,168.478,168.470,168.468,168.470,168.474,168.476,168.480,168.480,168.480,168.480,168.478,168.476,168.474,168.472
170.142,170.144,170.144,170.146,170.148,170.146,170.142,170.140,170.136,170.132,170.130,170.130,170.130,170.130,170.132,170.136,170.140,170.142,170.144,170.146,170.144,170.138,170.132,170.128,170.122,170.120,170.122,170.126,170.128,170.130,170.130,170.130,170.130,170.128,170.126,170.124,170.122
171.792,171.794,171.794,171.794,171.796,171.794,171.790,171.788,171.786,171.782,171.780,171.780,171.780,171.780,171.782,171.786,171.790,171.792,171.794,171.796,171.794,171.788,171.782,171.778,171.770,171.768,171.770,171.774,171.776,171.780,171.780,171.780,171.780,171.778,171.776,171.774,171.772
173.440,173.442,173.442,173.442,173.444,173.444,173.440,173.438,173.436,173.432,173.430,173.430,173.430,173.430,173.432,173.436,173.440,173.442,173.444,173.446,173.444,173.438,173.432,173.428,173.422,173.420,173.422,173.426,173.428,173.430,173.430,173.430,173.430,173.428,173.426,173.424,173.422
175.090,175.092,175.092,175.092,175.094,175.094,175.090,175.088,175.086,175.082,175.080,175.080,175.080,175.080,175.082,175.086,175.090,175.092,175.094,175.096,175.092,175.086,175.080,175.076,175.070,175.070,175.072,175.076,175.078,175.080,175.080,175.080,175.080,175.078,175.076,175.074,175.072
176.740,176.742,176.742,176.742,176.744,176.744,176.740,176.738,176.736,176.732,176.730,176.730,176.730,176.730,176.732,176.736,176.738,176.740,176.742,176.744,176.740,176.736,176.732,176.728,176.722,176.722,176.724,176.726,176.728,176.730,176.730,176.730,176.730,176.728,176.726,176.724,176.722
178.384,178.386,178.388,178.390,178.392,178.392,178.390,178.388,178.386,178.382,178.380,178.380,178.380,178.380,178.382,178.386,178.388,178.390,178.392,178.394,178.390,178.388,178.384,178.380,178.374,178.374,178.374,178.376,178.378,178.380,178.380,178.380,178.380,178.378,178.376,178.374,178.372
180.034,180.036,180.036,180.038,180.040,180.040,180.038,180.038,180.036,180.032,180.030,180.030,180.030,180.030,180.032,180.036,180.038,180.040,180.042,180.042,180.038,180.036,180.032,180.028,180.024,180.024,180.024,180.026,180.028,180.030,180.030,180.030,180.030,180.028,180.026,180.024,180.022
181.684,181.686,181.686,181.688,181.690,181.690,181.688,181.688,181.686,181.682,181.680,181.680,181.680,181.680,181.680,181.684,181.686,181.688,181.690,181.692,181.688,181.686,181.682,181.678,181.674,181.674,181.674,181.676,181.678,181.680,181.680,181.680,181.680,181.678,181.676,181.674,181.672
197.462,197.464,197.464,197.466,197.468,197.468,197.466,197.466,197.464,197.462,197.460,197.460,197.460,197.460,197.460,197.462,197.464,197.466,197.468,197.470,197.468,197.466,197.462,197.458,197.454,197.454,197.454,197.456,197.458,197.460,197.460,197.460,197.460,197.458,197.456,197.454,197.452
213.242,213.244,213.244,213.246,213.248,213.248,213.246,213.246,213.244,213.242,213.240,213.240,213.240,213.240,213.240,213.242,213.244,213.246,213.248,213.250,213.248,213.246,213.242,213.238,213.234,213.234,213.234,213.236,213.238,213.240,213.240,213.240,213.240,213.238,213.236,213.234,213.232
229.040,229.042,229.042,229.044,229.046,229.046,229.044,229.044,229.042,229.040,229.040,229.040,229.040,229.040,229.040,229.042,229.044,229.046,229.048,229.050,229.048,229.046,229.042,229.040,229.036,229.036,229.036,229.038,229.038,229.040,229.040,229.040,229.040,229.038,229.036,229.034,229.032
244.840,244.842,244.842,244.842,244.844,244.844,244.842,244.842,244.842,244.840,244.840,244.840,244.840,244.840,244.840,244.842,244.844,244.846,244.848,244.850,244.848,244.846,244.842,244.840,244.836,244.836,244.836,244.838,244.838,244.840,244.840,244.840,244.840,244.838,244.836,244.834,244.832
260.640,260.642,260.642,260.642,260.644,260.644,260.642,260.642,260.642,260.640,260.640,260.640,260.640,260.640,260.640,260.642,260.644,260.644,260.644,260.646,260.644,260.642,260.642,260.642,260.640,260.640,260.640,260.640,260.640,260.640,260.640,260.640,260.640,260.640,260.640,260.640,260.640
276.440,276.442,276.442,276.442,276.444,276.444,276.442,276.442,276.442,276.440,276.440,276.440,276.440,276.440,276.440,276.442,276.442,276.442,276.442,276.444,276.442,276.442,276.442,276.442,276.440,276.440,276.440,276.440,276.440,276.440,276.440,276.440,276.440,276.440,276.440,276.440,276.440
292.240,292.240,292.240,292.240,292.242,292.242,292.242,292.242,292.242,292.240,292.240,292.240,292.240,292.240,292.240,292.240,292.240,292.240,292.240,292.240,292.240,292.240,292.240,292.240,292.240,292.240,292.240,292.240,292.240,292.240,292.240,292.240,292.240,292.240,292.240,292.240,292.240
308.040,308.040,308.040,308.040,308.040,308.040,308.040,308.040,308.040,308.040,308.040,308.040,308.040,308.040,308.040,308.040,308.040,308.040,308.040,308.040,308.040,308.040,308.040,308.040,308.040,308.040,308.040,308.040,308.040,308.040,308.040,308.040,308.040,308.040,308.040,308.040,308.040
323.840,323.840,323.840,323.840,323.840,323.840,323.840,323.840,323.840,323.840,323.840,323.840,323.840,323.840,323.840,323.840,323.840,323.840,323.840,323.840,323.840,323.840,323.840,323.840,323.840,323.840,323.840,323.840,323.840,323.840,323.840,323.840,323.840,323.840,323.840,323.840,323.840
339.640,339.640,339.640,339.640,339.640,339.640,339.640,339.640,339.640,339.640,339.640,339.640,339.640,339.640,339.640,339.640,339.640,339.640,339.640,339.640,339.640,339.640,339.640,339.640,339.640,339.640,339.640,339.640,339.640,339.640,339.640,339.640,339.640,339.640,339.640,339.640,339.640
355.440,355.440,355.440,355.440,355.440,355.440,355.440,355.440,355.440,355.440,355.440,355.440,355.440,355.440,355.440,355.440,355.440,355.440,355.440,355.440,355.440,355.440,355.440,355.440,355.440,355.440,355.440,355.440,355.440,355.440,355.440,355.440,355.440,355.440,355.440,355.440,355.440
371.240,371.240,371.240,371.240,371.240,371.240,371.240,371.240,371.240,371.240,371.240,371.240,371.240,371.240,371.240,371.240,371.240,371.240,371.240,371.240,371.240,371.240,371.240,371.240,371.240,371.240,371.240,371.240,371.240,371.240,371.240,371.240,371.240,371.240,371.240,371.240,371.240
386.540,386.540,386.540,386.540,386.540,386.540,386.540,386.540,386.540,386.540,386.540,386.540,386.540,386.540,386.540,386.540,386.540,386.540,386.540,386.540,386.540,386.540,386.540,386.540,386.540,386.540,386.540,386.540,386.540,386.540,386.540,386.540,386.540,386.540,386.540,386.540,386.540
401.840,401.840,401.840,401.840,401.840,401.840,401.840,401.840,401.840,401.840,401.840,401.840,401.840,401.840,401.840,401.840,401.840,401.840,401.840,401.840,401.840,401.840,401.840,401.840,401.840,401.840,401.840,401.840,401.840,401.840,401.840,401.840,401.840,401.840,401.840,401.840,401.840
418.140,418.140,418.140,418.140,418.140,418.140,418.140,418.140,418.140,418.140,418.140,418.140,418.140,418.140,418.140,418.140,418.140,418.140,418.140,418.140,418.140,418.140,418.140,418.140,418.140,418.140,418.140,418.140,418.140,418.140,418.140,418.140,418.140,418.140,418.140,418.140,418.140
434.440,434.440,434.440,434.440,434.440,434.440,434.440,434.440,434.440,434.440,434.440,434.440,434.440,434.440,434.440,434.440,434.440,434.440,434.440,434.440,434.440,434.440,434.440,434.440,434.440,434.440,434.440,434.440,434.440,434.440,434.440,434.440,434.440,434.440,434.440,434.440,434.440
437.870,437.870,437.870,437.870,437.870,437.870,437.870,437.870,437.870,437.870,437.870,437.870,437.870,437.870,437.870,437.870,437.870,437.870,437.870,437.870,437.870,437.870,437.870,437.870,437.870,437.870,437.870,437.870,437.870,437.870,437.870,437.870,437.870,437.870,437.870,437.870,437.870
441.300,441.300,441.300,441.300,441.300,441.300,441.300,441.300,441.300,441.300,441.300,441.300,441.300,441.300,441.300,441.300,441.300,441.300,441.300,441.300,441.300,441.300,441.300,441.300,441.300,441.300,441.300,441.300,441.300,441.300,441.300,441.300,441.300,441.300,441.300,441.300,441.300
444.720,444.720,444.720,444.720,444.720,444.720,444.720,444.720,444.720,444.720,444.720,444.720,444.720,444.720,444.720,444.720,444.720,444.720,444.720,444.720,444.720,444.720,444.720,444.720,444.720,444.720,444.720,444.720,444.720,444.720,444.720,444.720,444.720,444.720,444.720,444.720,444.720
448.150,448.150,448.150,448.150,448.150,448.150,448.150,448.150,448.150,448.150,448.150,448.150,448.150,448.150,448.150,448.150,448.150,448.150,448.150,448.150,448.150,448.150,448.150,448.150,448.150,448.150,448.150,448.150,448.150,448.150,448.150,448.150,448.150,448.150,448.150,448.150,448.150
451.580,451.580,451.580,451.580,451.580,451.580,451.580,451.580,451.580,451.580,451.580,451.580,451.580,451.580,451.580,451.580,451.580,451.580,451.580,451.580,451.580,451.580,451.580,451.580,451.580,451.580,451.580,451.580,451.580,451.580,451.580,451.580,451.580,451.580,451.580,451.580,451.580
455.010,455.010,455.010,455.010,455.010,455.010,455.010,455.010,455.010,455.010,455.010,455.010,455.010,455.010,455.010,455.010,455.010,455.010,455.010,455.010,455.010,455.010,455.010,455.010,455.010,455.010,455.010,455.010,455.010,455.010,455.010,455.010,455.010,455.010,455.010,455.010,455.010
458.440,458.440,458.440,458.440,458.440,458.440,458.440,458.440,458.440,458.440,458.440,458.440,458.440,458.440,458.440,458.440,458.440,458.440,458.440,458.440,458.440,458.440,458.440,458.440,458.440,458.440,458.440,458.440,458.440,458.440,458.440,458.440,458.440,458.440,458.440,458.440,458.440
461.870,461.870,461.870,461.870,461.870,461.870,461.870,461.870,461.870,461.870,461.870,461.870,461.870,461.870,461.870,461.870,461.870,461.870,461.870,461.870,461.870,461.870,461.870,461.870,461.870,461.870,461.870,461.870,461.870,461.870,461.870,461.870,461.870,461.870,461.870,461.870,461.870
